node1,node2,length,startLat,startLon,endLat,endLon,endNodeL,startNodeL,startYear,endYear,treeID
273,534,0.740711303625,54.366562158238,4.86705297908276,48.7138496124336,-10.9234946193292,0.740711303625,0,2021.80823723371,2022.54894853734,280800
273,274,0.04452895837949,54.366562158238,4.86705297908276,54.8983877793213,6.96393081399929,0.04452895837949,0,2021.80823723371,2021.85276619209,280800
274,533,0.9050010215234,54.8983877793213,6.96393081399929,52.1050417293399,-3.44081016151653,0.94952997990289,0.04452895837949,2021.85276619209,2022.75776721362,280800
274,275,0.1023734148465,54.8983877793213,6.96393081399929,52.9765350065455,2.94837152449009,0.14690237322599,0.04452895837949,2021.85276619209,2021.95513960694,280800
275,277,0.1456430588222,52.9765350065455,2.94837152449009,48.2741237473338,3.18944796308441,0.29254543204819,0.14690237322599,2021.95513960694,2022.10078266576,280800
275,276,0.2798013695113,52.9765350065455,2.94837152449009,49.074831733147,3.37475998879042,0.42670374273729,0.14690237322599,2021.95513960694,2022.23494097645,280800
276,1,0.3349220372489,49.074831733147,3.37475998879042,54.0438440515314,-2.78687513666638,0.76162577998619,0.42670374273729,2022.23494097645,2022.5698630137,280800
276,2,0.1979357358792,49.074831733147,3.37475998879042,46.5103009447381,2.5780749353201,0.62463947861649,0.42670374273729,2022.23494097645,2022.43287671233,280800
277,278,0.1434546492225,48.2741237473338,3.18944796308441,46.7395072178033,-4.36756564735798,0.43600008127069,0.29254543204819,2022.10078266576,2022.24423731498,280800
277,279,0.03781178941167,48.2741237473338,3.18944796308441,45.9034096490074,-2.60109542604276,0.33035722145986,0.29254543204819,2022.10078266576,2022.13859445517,280800
278,3,0.1557626850169,46.7395072178033,-4.36756564735798,46.5103009447381,2.5780749353201,0.59176276628759,0.43600008127069,2022.24423731498,2022.4,280800
278,4,0.8516530959759,46.7395072178033,-4.36756564735798,45.5190780558984,4.54715006428513,1.28765317724659,0.43600008127069,2022.24423731498,2023.09589041096,280800
279,280,0.01336304753433,45.9034096490074,-2.60109542604276,47.808139466968,-0.675880186618232,0.34372026899419,0.33035722145986,2022.13859445517,2022.15195750271,280800
279,292,0.02881646670744,45.9034096490074,-2.60109542604276,48.2658135668522,-1.2236209489583,0.3591736881673,0.33035722145986,2022.13859445517,2022.16741092188,280800
280,282,0.1699046118166,47.808139466968,-0.675880186618232,50.1171260417358,2.42478320099363,0.51362488081079,0.34372026899419,2022.15195750271,2022.32186211452,280800
280,281,0.1799913436006,47.808139466968,-0.675880186618232,49.0896036788349,0.0148832797884912,0.52371161259479,0.34372026899419,2022.15195750271,2022.33194884631,280800
281,5,0.0899689619121,49.0896036788349,0.0148832797884912,46.5103009447381,2.5780749353201,0.61368057450689,0.52371161259479,2022.33194884631,2022.42191780822,280800
281,6,0.0105169071176,49.0896036788349,0.0148832797884912,49.9664542920368,2.77424482433678,0.53422851971239,0.52371161259479,2022.33194884631,2022.34246575342,280800
282,283,0.04186628913478,50.1171260417358,2.42478320099363,47.8281982971444,1.72054276333384,0.55549116994557,0.51362488081079,2022.32186211452,2022.36372840366,280800
282,17,0.1767680224632,50.1171260417358,2.42478320099363,53.1100430768808,5.84863928632393,0.69039290327399,0.51362488081079,2022.32186211452,2022.49863013699,280800
283,284,0.01218732706566,47.8281982971444,1.72054276333384,47.9050711021112,2.30067049822333,0.56767849701123,0.55549116994557,2022.36372840366,2022.37591573072,280800
283,290,0.1623206459594,47.8281982971444,1.72054276333384,52.524977387214,-5.23206542908489,0.71781181590497,0.55549116994557,2022.36372840366,2022.52604904962,280800
284,13,0.01860481722161,47.9050711021112,2.30067049822333,46.5103009447381,2.5780749353201,0.58628331423284,0.56767849701123,2022.37591573072,2022.39452054795,280800
284,285,0.0226224900442,47.9050711021112,2.30067049822333,50.6464755793288,0.864167338787033,0.59030098705543,0.56767849701123,2022.37591573072,2022.39853822077,280800
285,286,0.0362089299527,50.6464755793288,0.864167338787033,55.0250763184994,3.67835917956465,0.62650991700813,0.59030098705543,2022.39853822077,2022.43474715072,280800
285,12,0.3055713682733,50.6464755793288,0.864167338787033,54.0438440515314,-2.78687513666638,0.89587235532873,0.59030098705543,2022.39853822077,2022.70410958904,280800
286,7,0.2063487396905,55.0250763184994,3.67835917956465,54.0438440515314,-2.78687513666638,0.83285865669863,0.62650991700813,2022.43474715072,2022.64109589041,280800
286,287,0.03006919606451,55.0250763184994,3.67835917956465,55.9928267570616,5.69855589628803,0.65657911307264,0.62650991700813,2022.43474715072,2022.46481634679,280800
287,11,0.176279543626,55.9928267570616,5.69855589628803,54.0438440515314,-2.78687513666638,0.83285865669864,0.65657911307264,2022.46481634679,2022.64109589041,280800
287,288,0.1320274467357,55.9928267570616,5.69855589628803,52.3360785029835,-4.80867945737014,0.78860655980834,0.65657911307264,2022.46481634679,2022.59684379352,280800
288,289,0.02805938096789,52.3360785029835,-4.80867945737014,52.9099953822321,-4.91952297710761,0.81666594077623,0.78860655980834,2022.59684379352,2022.62490317449,280800
288,10,0.02233428867126,52.3360785029835,-4.80867945737014,54.0438440515314,-2.78687513666638,0.8109408484796,0.78860655980834,2022.59684379352,2022.61917808219,280800
289,8,0.1696173734567,52.9099953822321,-4.91952297710761,54.0438440515314,-2.78687513666638,0.98628331423293,0.81666594077623,2022.62490317449,2022.79452054795,280800
289,9,0.09564477071696,52.9099953822321,-4.91952297710761,54.0438440515314,-2.78687513666638,0.91231071149319,0.81666594077623,2022.62490317449,2022.72054794521,280800
290,14,0.1013482106567,52.524977387214,-5.23206542908489,54.0438440515314,-2.78687513666638,0.81916002656167,0.71781181590497,2022.52604904962,2022.62739726027,280800
290,291,0.06689266879708,52.524977387214,-5.23206542908489,53.0827640109254,-1.12071582153732,0.78470448470205,0.71781181590497,2022.52604904962,2022.59294171841,280800
291,15,0.42349663775,53.0827640109254,-1.12071582153732,52.3299411115892,-3.76558183366802,1.20820112245205,0.78470448470205,2022.59294171841,2023.01643835616,280800
291,16,0.02075691172259,53.0827640109254,-1.12071582153732,54.0438440515314,-2.78687513666638,0.80546139642464,0.78470448470205,2022.59294171841,2022.61369863014,280800
292,527,0.007155776492297,48.2658135668522,-1.2236209489583,49.2453900724913,1.39300439235854,0.366329464659597,0.3591736881673,2022.16741092188,2022.17456669837,280800
292,293,0.1773820294907,48.2658135668522,-1.2236209489583,48.5651830773618,4.59738060048933,0.536555717658,0.3591736881673,2022.16741092188,2022.34479295137,280800
293,294,0.1545399272705,48.5651830773618,4.59738060048933,50.7318194210949,3.44266430528898,0.6910956449285,0.536555717658,2022.34479295137,2022.49933287864,280800
293,18,0.01685088424606,48.5651830773618,4.59738060048933,46.5103009447381,2.5780749353201,0.55340660190406,0.536555717658,2022.34479295137,2022.36164383562,280800
294,495,0.01884945236734,50.7318194210949,3.44266430528898,52.0027130965697,1.66335213641419,0.70994509729584,0.6910956449285,2022.49933287864,2022.51818233101,280800
294,295,0.04250452241518,50.7318194210949,3.44266430528898,51.2339990571156,4.06857423355985,0.73360016734368,0.6910956449285,2022.49933287864,2022.54183740106,280800
295,296,0.1921067373187,51.2339990571156,4.06857423355985,50.1352726158837,2.66351856763968,0.92570690466238,0.73360016734368,2022.54183740106,2022.73394413837,280800
295,408,0.1125525868647,51.2339990571156,4.06857423355985,50.6952467757862,2.11918779320581,0.84615275420838,0.73360016734368,2022.54183740106,2022.65438998792,280800
296,297,0.007617887532286,50.1352726158837,2.66351856763968,51.5399533747878,4.3314022071056,0.933324792194666,0.92570690466238,2022.73394413837,2022.74156202591,280800
296,19,0.2386586013512,50.1352726158837,2.66351856763968,51.0391095671615,4.2420548599892,1.16436550601358,0.92570690466238,2022.73394413837,2022.97260273973,280800
297,405,0.008746422020627,51.5399533747878,4.3314022071056,52.9884223757669,6.76595224781954,0.942071214215293,0.933324792194666,2022.74156202591,2022.75030844793,280800
297,298,0.001209688511427,51.5399533747878,4.3314022071056,51.7366460002462,3.47482897261091,0.934534480706093,0.933324792194666,2022.74156202591,2022.74277171442,280800
298,299,0.08172792765193,51.7366460002462,3.47482897261091,50.5256640583492,2.72719267495993,1.01626240835802,0.934534480706093,2022.74277171442,2022.82449964207,280800
298,378,0.2513242323348,51.7366460002462,3.47482897261091,49.5654246615588,12.5193971629245,1.18585871304089,0.934534480706093,2022.74277171442,2022.99409594675,280800
299,316,0.0540852489951,50.5256640583492,2.72719267495993,50.3899753314696,2.28438847034704,1.07034765735312,1.01626240835802,2022.82449964207,2022.87858489107,280800
299,300,0.009510124163455,50.5256640583492,2.72719267495993,50.8377165132439,4.6874772860444,1.02577253252148,1.01626240835802,2022.82449964207,2022.83400976623,280800
300,313,0.1008813615165,50.8377165132439,4.6874772860444,49.5153322729534,3.89171783455846,1.12665389403798,1.02577253252148,2022.83400976623,2022.93489112775,280800
300,301,0.0530558011991,50.8377165132439,4.6874772860444,48.8770406796953,2.74263024020366,1.07882833372058,1.02577253252148,2022.83400976623,2022.88706556743,280800
301,309,0.04564178092949,48.8770406796953,2.74263024020366,50.8715655401094,7.5839925882494,1.12447011465007,1.07882833372058,2022.88706556743,2022.93270734836,280800
301,302,0.1449917373263,48.8770406796953,2.74263024020366,50.6344031964858,4.56581986371289,1.22382007104688,1.07882833372058,2022.88706556743,2023.03205730476,280800
302,303,0.03187451060172,50.6344031964858,4.56581986371289,50.1589801160108,4.32708625597914,1.2556945816486,1.22382007104688,2023.03205730476,2023.06393181536,280800
302,304,0.02131839690199,50.6344031964858,4.56581986371289,49.6243565525693,4.41962209650878,1.24513846794887,1.22382007104688,2023.03205730476,2023.05337570166,280800
303,21,0.03469832162523,50.1589801160108,4.32708625597914,53.1100430768808,5.84863928632393,1.29039290327383,1.2556945816486,2023.06393181536,2023.09863013699,280800
303,20,0.122369554502,50.1589801160108,4.32708625597914,40.1894641959532,-3.70568864248137,1.3780641361506,1.2556945816486,2023.06393181536,2023.18630136986,280800
304,308,0.1344067000084,49.6243565525693,4.41962209650878,51.6709650346509,-1.84697130826388,1.37954516795727,1.24513846794887,2023.05337570166,2023.18778240167,280800
304,305,0.1098292621715,49.6243565525693,4.41962209650878,50.1512388028047,1.19063866317027,1.35496773012037,1.24513846794887,2023.05337570166,2023.16320496383,280800
305,306,0.02811209250289,50.1512388028047,1.19063866317027,49.5362397478102,0.405404694863549,1.38307982262326,1.35496773012037,2023.16320496383,2023.19131705634,280800
305,22,0.1162470909618,50.1512388028047,1.19063866317027,51.0391095671615,4.2420548599892,1.47121482108217,1.35496773012037,2023.16320496383,2023.27945205479,280800
306,25,0.06895691626714,49.5362397478102,0.405404694863549,51.0391095671615,4.2420548599892,1.4520367388904,1.38307982262326,2023.19131705634,2023.2602739726,280800
306,307,0.1114345574446,49.5362397478102,0.405404694863549,51.6553287011619,6.93847621074591,1.49451438006786,1.38307982262326,2023.19131705634,2023.30275161378,280800
307,24,0.1328648245759,51.6553287011619,6.93847621074591,51.0391095671615,4.2420548599892,1.62737920464376,1.49451438006786,2023.30275161378,2023.43561643836,280800
307,23,0.0287552355347,51.6553287011619,6.93847621074591,51.0391095671615,4.2420548599892,1.52326961560256,1.49451438006786,2023.30275161378,2023.33150684932,280800
308,26,0.03961485860417,51.6709650346509,-1.84697130826388,54.0438440515314,-2.78687513666638,1.41916002656144,1.37954516795727,2023.18778240167,2023.22739726027,280800
308,27,0.03961485860417,51.6709650346509,-1.84697130826388,54.0438440515314,-2.78687513666638,1.41916002656144,1.37954516795727,2023.18778240167,2023.22739726027,280800
309,311,0.01218010839193,50.8715655401094,7.5839925882494,49.7911895165216,7.8303881118358,1.136650223042,1.12447011465007,2022.93270734836,2022.94488745675,280800
309,310,0.08145056582992,50.8715655401094,7.5839925882494,46.8832262307891,9.61375518321604,1.20592068047999,1.12447011465007,2022.93270734836,2023.01415791419,280800
310,29,0.05433523649247,46.8832262307891,9.61375518321604,45.5190780558984,4.54715006428513,1.26025591697246,1.20592068047999,2023.01415791419,2023.06849315068,280800
310,28,0.1502256474513,46.8832262307891,9.61375518321604,40.1894641959532,-3.70568864248137,1.35614632793129,1.20592068047999,2023.01415791419,2023.16438356164,280800
311,312,0.09421336047015,49.7911895165216,7.8303881118358,51.6436494592232,1.74871084748091,1.23086358351215,1.136650223042,2022.94488745675,2023.03910081722,280800
311,32,0.4003180226977,49.7911895165216,7.8303881118358,49.6868212553332,6.34949296820615,1.5369682457397,1.136650223042,2022.94488745675,2023.34520547945,280800
312,31,0.02939233346031,51.6436494592232,1.74871084748091,51.5616727876811,5.19541346074046,1.26025591697246,1.23086358351215,2023.03910081722,2023.06849315068,280800
312,30,0.1307621964741,51.6436494592232,1.74871084748091,52.0617180422494,5.94466833784019,1.36162577998625,1.23086358351215,2023.03910081722,2023.1698630137,280800
313,314,0.1991266519797,49.5153322729534,3.89171783455846,50.263086278815,1.51080975622018,1.32578054601768,1.12665389403798,2022.93489112775,2023.13401777973,280800
313,36,0.08154722841397,49.5153322729534,3.89171783455846,50.3127973408239,5.0143267931739,1.20820112245195,1.12665389403798,2022.93489112775,2023.01643835616,280800
314,315,0.01235320737006,50.263086278815,1.51080975622018,51.4035101711064,3.11623271483279,1.33813375338774,1.32578054601768,2023.13401777973,2023.1463709871,280800
314,35,0.0385849599959,50.263086278815,1.51080975622018,52.0617180422494,5.94466833784019,1.36436550601358,1.32578054601768,2023.13401777973,2023.17260273973,280800
315,34,0.004313944406752,51.4035101711064,3.11623271483279,51.0391095671615,4.2420548599892,1.34244769779449,1.33813375338774,2023.1463709871,2023.15068493151,280800
315,33,0.1878755882422,51.4035101711064,3.11623271483279,52.1141994014432,19.4236724631525,1.52600934162994,1.33813375338774,2023.1463709871,2023.33424657534,280800
316,317,0.1565765751941,50.3899753314696,2.28438847034704,44.2547732943072,-4.28316835617448,1.22692423254722,1.07034765735312,2022.87858489107,2023.03516146626,280800
316,318,0.06053079598552,50.3899753314696,2.28438847034704,51.1332647273735,6.49740137502877,1.13087845333864,1.07034765735312,2022.87858489107,2022.93911568705,280800
317,37,0.43881113648,44.2547732943072,-4.28316835617448,52.1141994014432,19.4236724631525,1.66573536902722,1.22692423254722,2023.03516146626,2023.47397260274,280800
317,38,0.1292220953841,44.2547732943072,-4.28316835617448,41.7971317406582,1.52423490165211,1.35614632793132,1.22692423254722,2023.03516146626,2023.16438356164,280800
318,365,0.04139521216483,51.1332647273735,6.49740137502877,50.0577023756552,11.3845712451832,1.17227366550347,1.13087845333864,2022.93911568705,2022.98051089922,280800
318,319,0.0635661326533,51.1332647273735,6.49740137502877,50.0721537428577,3.1459069433142,1.19444458599194,1.13087845333864,2022.93911568705,2023.0026818197,280800
319,363,0.006147676882535,50.0721537428577,3.1459069433142,50.0338140552591,3.96407391490568,1.20059226287448,1.19444458599194,2023.0026818197,2023.00882949659,280800
319,320,0.1406052006913,50.0721537428577,3.1459069433142,49.2382400027235,7.22757485705168,1.33504978668324,1.19444458599194,2023.0026818197,2023.1432870204,280800
320,322,0.01576764289012,49.2382400027235,7.22757485705168,50.4671076384903,8.72718549181835,1.35081742957336,1.33504978668324,2023.1432870204,2023.15905466329,280800
320,321,0.08632088195354,49.2382400027235,7.22757485705168,47.8493489474127,12.0267674979336,1.42137066863678,1.33504978668324,2023.1432870204,2023.22960790235,280800
321,39,0.01970716614396,47.8493489474127,12.0267674979336,45.6595758067318,11.8428083995249,1.44107783478074,1.42137066863678,2023.22960790235,2023.24931506849,280800
321,40,0.06628250860971,47.8493489474127,12.0267674979336,52.1141994014432,19.4236724631525,1.48765317724649,1.42137066863678,2023.22960790235,2023.29589041096,280800
322,329,0.02243541773756,50.4671076384903,8.72718549181835,51.8749395231619,11.1680791315879,1.37325284731092,1.35081742957336,2023.15905466329,2023.18149008102,280800
322,323,0.02145118712231,50.4671076384903,8.72718549181835,51.6190309157979,13.8249972246123,1.37226861669567,1.35081742957336,2023.15905466329,2023.18050585041,280800
323,47,0.04415168383839,51.6190309157979,13.8249972246123,51.0391095671615,4.2420548599892,1.41642030053406,1.37226861669567,2023.18050585041,2023.22465753425,280800
323,324,0.01270992734167,51.6190309157979,13.8249972246123,50.8177922667388,14.1054431952185,1.38497854403734,1.37226861669567,2023.18050585041,2023.19321577775,280800
324,325,0.06575557434697,50.8177922667388,14.1054431952185,48.2696210991262,9.63670074625241,1.45073411838431,1.38497854403734,2023.19321577775,2023.2589713521,280800
324,326,0.1023000035534,50.8177922667388,14.1054431952185,52.2844096753372,15.7064758660029,1.48727854759074,1.38497854403734,2023.19321577775,2023.2955157813,280800
325,42,0.078014949273,48.2696210991262,9.63670074625241,47.3885937043155,13.0848644916096,1.52874906765731,1.45073411838431,2023.2589713521,2023.33698630137,280800
325,41,0.04513823694425,48.2696210991262,9.63670074625241,48.1371934331394,13.9653618911462,1.49587235532856,1.45073411838431,2023.2589713521,2023.30410958904,280800
326,327,0.2186005818943,52.2844096753372,15.7064758660029,57.4612942961016,27.3092808111075,1.70587912948504,1.48727854759074,2023.2955157813,2023.5141163632,280800
326,328,0.08757786139662,52.2844096753372,15.7064758660029,51.9196409311199,14.514680772173,1.57485640898736,1.48727854759074,2023.2955157813,2023.3830936427,280800
327,43,0.247527472419,57.4612942961016,27.3092808111075,60.0038026239663,31.7192161663564,1.95340660190404,1.70587912948504,2023.5141163632,2023.76164383562,280800
327,44,0.04204802036404,57.4612942961016,27.3092808111075,60.0038026239663,31.7192161663564,1.74792714984908,1.70587912948504,2023.5141163632,2023.55616438356,280800
328,46,0.01690635730008,51.9196409311199,14.514680772173,51.4777551092159,7.5539349720828,1.59176276628744,1.57485640898736,2023.3830936427,2023.4,280800
328,45,0.01142690524537,51.9196409311199,14.514680772173,52.1141994014432,19.4236724631525,1.58628331423273,1.57485640898736,2023.3830936427,2023.39452054795,280800
329,330,0.03705919944169,51.8749395231619,11.1680791315879,55.2779498369361,14.2187893995591,1.41031204675261,1.37325284731092,2023.18149008102,2023.21854928047,280800
329,353,0.07571240365831,51.8749395231619,11.1680791315879,50.6268800967474,6.08709151690333,1.44896525096923,1.37325284731092,2023.18149008102,2023.25720248468,280800
330,352,0.07117218099543,55.2779498369361,14.2187893995591,52.918195642564,8.65486585661292,1.48148422774804,1.41031204675261,2023.21854928047,2023.28972146146,280800
330,331,0.06409301675779,55.2779498369361,14.2187893995591,57.5561599180635,15.6750125531462,1.4744050635104,1.41031204675261,2023.21854928047,2023.28264229722,280800
331,349,0.001721347492148,57.5561599180635,15.6750125531462,57.0966616073914,14.7359601880795,1.47612641100255,1.4744050635104,2023.28264229722,2023.28436364472,280800
331,332,0.01225082942072,57.5561599180635,15.6750125531462,59.3887344271548,18.1084032168548,1.48665589293112,1.4744050635104,2023.28264229722,2023.29489312664,280800
332,65,0.0009972843153701,59.3887344271548,18.1084032168548,59.4623673036598,18.1712252623315,1.48765317724649,1.48665589293112,2023.29489312664,2023.29589041096,280800
332,333,0.003260071113123,59.3887344271548,18.1084032168548,59.3916323185225,17.7821052705,1.48991596404425,1.48665589293112,2023.29489312664,2023.29815319776,280800
333,337,0.001102463740361,59.3916323185225,17.7821052705,59.3162014561129,17.1152019981289,1.49101842778461,1.48991596404425,2023.29815319776,2023.2992556615,280800
333,334,0.0780982857556,59.3916323185225,17.7821052705,58.7681591284994,22.3443312252875,1.56801424979985,1.48991596404425,2023.29815319776,2023.37625148351,280800
334,51,0.1689539959398,58.7681591284994,22.3443312252875,64.2398144022788,26.1623842060791,1.73696824573965,1.56801424979985,2023.37625148351,2023.54520547945,280800
334,335,0.0599931501597,58.7681591284994,22.3443312252875,63.5642433622403,24.9479372356937,1.62800739995955,1.56801424979985,2023.37625148351,2023.43624463367,280800
335,336,0.01299040437569,63.5642433622403,24.9479372356937,64.2991715336829,26.4703417449846,1.64099780433524,1.62800739995955,2023.43624463367,2023.44923503805,280800
335,50,0.07608413345137,63.5642433622403,24.9479372356937,62.0597637912667,23.6696745592397,1.70409153341092,1.62800739995955,2023.43624463367,2023.51232876712,280800
336,49,0.06309372907569,64.2991715336829,26.4703417449846,62.0597637912667,23.6696745592397,1.70409153341093,1.64099780433524,2023.44923503805,2023.51232876712,280800
336,48,0.08501153729477,64.2991715336829,26.4703417449846,64.2398144022788,26.1623842060791,1.72600934163001,1.64099780433524,2023.44923503805,2023.53424657534,280800
337,52,0.2678676261741,59.3162014561129,17.1152019981289,64.2398144022788,26.1623842060791,1.75888605395871,1.49101842778461,2023.2992556615,2023.56712328767,280800
337,338,0.007558903217314,59.3162014561129,17.1152019981289,57.8301853590219,17.6182731594208,1.49857733100192,1.49101842778461,2023.2992556615,2023.30681456471,280800
338,339,0.1210475368339,57.8301853590219,17.6182731594208,64.2640590032034,21.6352167308075,1.61962486783582,1.49857733100192,2023.30681456471,2023.42786210155,280800
338,345,0.02296525519312,57.8301853590219,17.6182731594208,59.1620292765105,19.1133478009526,1.52154258619504,1.49857733100192,2023.30681456471,2023.32977981991,280800
339,343,0.001522727007148,64.2640590032034,21.6352167308075,64.4787086393135,21.6108969364588,1.62114759484297,1.61962486783582,2023.42786210155,2023.42938482856,280800
339,340,0.003756163183716,64.2640590032034,21.6352167308075,63.8632216526574,22.1882735030191,1.62338103101954,1.61962486783582,2023.42786210155,2023.43161826473,280800
340,342,0.01109305557536,63.8632216526574,22.1882735030191,63.0344702880426,21.3995116166809,1.6344740865949,1.62338103101954,2023.43161826473,2023.44271132031,280800
340,341,0.07576989920594,63.8632216526574,22.1882735030191,64.4189250053578,26.0952736381773,1.69915093022548,1.62338103101954,2023.43161826473,2023.50738816394,280800
341,54,0.002200877157881,64.4189250053578,26.0952736381773,64.2398144022788,26.1623842060791,1.70135180738336,1.69915093022548,2023.50738816394,2023.5095890411,280800
341,53,0.007680329212823,64.4189250053578,26.0952736381773,64.2398144022788,26.1623842060791,1.7068312594383,1.69915093022548,2023.50738816394,2023.51506849315,280800
342,55,0.09153525503513,63.0344702880426,21.3995116166809,64.2398144022788,26.1623842060791,1.72600934163003,1.6344740865949,2023.44271132031,2023.53424657534,280800
342,56,0.04222018654202,63.0344702880426,21.3995116166809,59.8005794263335,16.315085578774,1.67669427313692,1.6344740865949,2023.44271132031,2023.48493150685,280800
343,59,0.1569165413075,64.4787086393135,21.6108969364588,64.2398144022788,26.1623842060791,1.77806413615047,1.62114759484297,2023.42938482856,2023.58630136986,280800
343,344,0.04578411240221,64.4787086393135,21.6108969364588,62.6156262088264,24.8809814811907,1.66693170724518,1.62114759484297,2023.42938482856,2023.47516894096,280800
344,57,0.01250229191909,62.6156262088264,24.8809814811907,64.2398144022788,26.1623842060791,1.67943399916427,1.66693170724518,2023.47516894096,2023.48767123288,280800
344,58,0.108392702878,62.6156262088264,24.8809814811907,64.2398144022788,26.1623842060791,1.77532441012318,1.66693170724518,2023.47516894096,2023.58356164384,280800
345,60,0.0428229198186,59.1620292765105,19.1133478009526,59.4623673036598,18.1712252623315,1.56436550601364,1.52154258619504,2023.32977981991,2023.37260273973,280800
345,346,0.01085643804264,59.1620292765105,19.1133478009526,60.046652346487,21.1929882471952,1.53239902423768,1.52154258619504,2023.32977981991,2023.34063625795,280800
346,61,0.1607336050636,60.046652346487,21.1929882471952,64.2398144022788,26.1623842060791,1.69313262930128,1.53239902423768,2023.34063625795,2023.50136986301,280800
346,347,0.01694743570192,60.046652346487,21.1929882471952,60.1147476167617,18.973252888009,1.5493464599396,1.53239902423768,2023.34063625795,2023.35758369365,280800
347,348,0.02675027585634,60.1147476167617,18.973252888009,56.9781342288925,19.0368038615052,1.57609673579594,1.5493464599396,2023.35758369365,2023.38433396951,280800
347,62,0.02049849812875,60.1147476167617,18.973252888009,59.4623673036598,18.1712252623315,1.56984495806835,1.5493464599396,2023.35758369365,2023.37808219178,280800
348,64,0.1499126058341,56.9781342288925,19.0368038615052,64.2398144022788,26.1623842060791,1.72600934163004,1.57609673579594,2023.38433396951,2023.53424657534,280800
348,63,0.2074468524095,56.9781342288925,19.0368038615052,64.2398144022788,26.1623842060791,1.78354358820544,1.57609673579594,2023.38433396951,2023.59178082192,280800
349,350,0.05402334039784,57.0966616073914,14.7359601880795,59.5841528975732,17.881096085976,1.53014975140039,1.47612641100255,2023.28436364472,2023.33838698511,280800
349,69,0.01152676624395,57.0966616073914,14.7359601880795,59.4623673036598,18.1712252623315,1.4876531772465,1.47612641100255,2023.28436364472,2023.29589041096,280800
350,351,0.07024527578706,59.5841528975732,17.881096085976,58.2473942138499,18.1563708824486,1.60039502718745,1.53014975140039,2023.33838698511,2023.4086322609,280800
350,66,0.05339383680498,59.5841528975732,17.881096085976,59.4623673036598,18.1712252623315,1.58354358820537,1.53014975140039,2023.33838698511,2023.39178082192,280800
351,67,0.03520335553839,58.2473942138499,18.1563708824486,59.4623673036598,18.1712252623315,1.63559838272584,1.60039502718745,2023.4086322609,2023.44383561644,280800
351,68,0.0489019856754,58.2473942138499,18.1563708824486,60.042931435791,17.6839136610447,1.64929701286285,1.60039502718745,2023.4086322609,2023.45753424658,280800
352,70,0.006168949498454,52.918195642564,8.65486585661292,51.0391095671615,4.2420548599892,1.4876531772465,1.48148422774804,2023.28972146146,2023.29589041096,280800
352,71,0.03630593579984,52.918195642564,8.65486585661292,56.8620641951116,24.9396020767644,1.51779016354788,1.48148422774804,2023.28972146146,2023.32602739726,280800
353,354,0.03310288545793,50.6268800967474,6.08709151690333,49.003221392925,14.7128597346203,1.48206813642716,1.44896525096923,2023.25720248468,2023.29030537014,280800
353,82,0.01129066600324,50.6268800967474,6.08709151690333,51.0391095671615,4.2420548599892,1.46025591697247,1.44896525096923,2023.25720248468,2023.26849315068,280800
354,356,0.006999507986527,49.003221392925,14.7128597346203,48.5136357780708,15.0868214502837,1.48906764441369,1.48206813642716,2023.29030537014,2023.29730487813,280800
354,355,0.02967201793841,49.003221392925,14.7128597346203,51.1667198454097,19.7540510662257,1.51174015436557,1.48206813642716,2023.29030537014,2023.31997738808,280800
355,72,0.1265979543876,51.1667198454097,19.7540510662257,52.2573048104135,5.56251311224367,1.63833810875317,1.51174015436557,2023.31997738808,2023.44657534247,280800
355,73,0.06084452973014,51.1667198454097,19.7540510662257,56.8620641951116,24.9396020767644,1.57258468409571,1.51174015436557,2023.31997738808,2023.38082191781,280800
356,357,0.02217789601336,48.5136357780708,15.0868214502837,49.2981978944895,14.34233927369,1.51124554042705,1.48906764441369,2023.29730487813,2023.31948277414,280800
356,74,0.006804710914881,48.5136357780708,15.0868214502837,48.1371934331394,13.9653618911462,1.49587235532857,1.48906764441369,2023.29730487813,2023.30410958904,280800
357,360,0.02389929715954,49.2981978944895,14.34233927369,52.8350021551662,14.202011018324,1.53514483758659,1.51124554042705,2023.31948277414,2023.3433820713,280800
357,358,0.01867802524435,49.2981978944895,14.34233927369,49.6642630613925,15.2322364602355,1.5299235656714,1.51124554042705,2023.31948277414,2023.33816079938,280800
358,359,0.04106033564064,49.6642630613925,15.2322364602355,49.3712076004274,5.10035457839791,1.57098390131204,1.5299235656714,2023.33816079938,2023.37922113502,280800
358,75,0.1604693376025,49.6642630613925,15.2322364602355,52.1141994014432,19.4236724631525,1.6903929032739,1.5299235656714,2023.33816079938,2023.49863013699,280800
359,77,0.0207788649754,49.3712076004274,5.10035457839791,51.4777551092159,7.5539349720828,1.59176276628744,1.57098390131204,2023.37922113502,2023.4,280800
359,76,0.03721722114,49.3712076004274,5.10035457839791,50.3127973408239,5.0143267931739,1.60820112245204,1.57098390131204,2023.37922113502,2023.41643835616,280800
360,361,0.0206328816072,52.8350021551662,14.202011018324,55.1423439548188,18.246236999265,1.55577771919379,1.53514483758659,2023.3433820713,2023.36401495291,280800
360,78,0.1826453259613,52.8350021551662,14.202011018324,49.2138286332854,-2.13245261248515,1.71779016354789,1.53514483758659,2023.3433820713,2023.52602739726,280800
361,81,0.1263960059978,55.1423439548188,18.246236999265,51.4517197034959,3.83526799798383,1.68217372519159,1.55577771919379,2023.36401495291,2023.4904109589,280800
361,362,0.09615446587738,55.1423439548188,18.246236999265,53.8819538681178,23.8465847289098,1.65193218507117,1.55577771919379,2023.36401495291,2023.46016941878,280800
362,80,0.1727072935451,53.8819538681178,23.8465847289098,60.0038026239663,31.7192161663564,1.82463947861627,1.65193218507117,2023.46016941878,2023.63287671233,280800
362,79,0.1096935949149,53.8819538681178,23.8465847289098,60.0038026239663,31.7192161663564,1.76162577998607,1.65193218507117,2023.46016941878,2023.5698630137,280800
363,364,0.06449838207529,50.0338140552591,3.96407391490568,50.3563392745273,4.4203755272833,1.26509064494977,1.20059226287448,2023.00882949659,2023.07332787866,280800
363,85,0.03226639382419,50.0338140552591,3.96407391490568,51.0391095671615,4.2420548599892,1.23285865669867,1.20059226287448,2023.00882949659,2023.04109589041,280800
364,83,0.06913787476249,50.3563392745273,4.4203755272833,51.0391095671615,4.2420548599892,1.33422851971226,1.26509064494977,2023.07332787866,2023.14246575342,280800
364,84,0.02256253229673,50.3563392745273,4.4203755272833,48.7090354165318,2.5047814681706,1.2876531772465,1.26509064494977,2023.07332787866,2023.09589041096,280800
365,368,0.02912594942087,50.0577023756552,11.3845712451832,50.2577053026174,13.0875020016564,1.20139961492434,1.17227366550347,2022.98051089922,2023.00963684864,280800
365,366,0.007173196682745,50.0577023756552,11.3845712451832,48.9143327384703,10.5997602320785,1.17944686218622,1.17227366550347,2022.98051089922,2022.9876840959,280800
366,88,0.2342337123205,48.9143327384703,10.5997602320785,47.5942901543001,14.1261824377155,1.41368057450672,1.17944686218622,2022.9876840959,2023.22191780822,280800
366,367,0.1230502247121,48.9143327384703,10.5997602320785,47.6195544298611,17.7311186018887,1.30249708689832,1.17944686218622,2022.9876840959,2023.11073432061,280800
367,86,0.05638896706063,47.6195544298611,17.7311186018887,47.3885937043155,13.0848644916096,1.35888605395895,1.30249708689832,2023.11073432061,2023.16712328767,280800
367,87,0.072827323225,47.6195544298611,17.7311186018887,48.2089421257604,16.3790253882177,1.37532441012332,1.30249708689832,2023.11073432061,2023.18356164384,280800
368,370,0.02219981591375,50.2577053026174,13.0875020016564,47.390721369932,9.68369850053154,1.22359943083809,1.20139961492434,2023.00963684864,2023.03183666455,280800
368,369,0.12825877401,50.2577053026174,13.0875020016564,49.6551157068417,13.7754969260303,1.32965838893434,1.20139961492434,2023.00963684864,2023.13789562265,280800
369,90,0.2210084869423,49.6551157068417,13.7754969260303,50.3852537596798,15.8661896036913,1.55066687587664,1.32965838893434,2023.13789562265,2023.35890410959,280800
369,89,0.2045701307779,49.6551157068417,13.7754969260303,49.5901077813144,13.2328532454248,1.53422851971224,1.32965838893434,2023.13789562265,2023.34246575342,280800
370,371,0.117652853294,47.390721369932,9.68369850053154,48.3623139913228,14.8439567261736,1.34125228413209,1.22359943083809,2023.03183666455,2023.14948951784,280800
370,99,0.009259225860578,47.390721369932,9.68369850053154,47.2399358407422,9.89649424147589,1.23285865669867,1.22359943083809,2023.03183666455,2023.04109589041,280800
371,372,0.005453143578041,48.3623139913228,14.8439567261736,47.8569530220222,14.6423704142094,1.34670542771013,1.34125228413209,2023.14948951784,2023.15494266142,280800
371,98,0.01763376982687,48.3623139913228,14.8439567261736,47.3885937043155,13.0848644916096,1.35888605395896,1.34125228413209,2023.14948951784,2023.16712328767,280800
372,91,0.009440900221245,47.8569530220222,14.6423704142094,48.1371934331394,13.9653618911462,1.35614632793138,1.34670542771013,2023.15494266142,2023.16438356164,280800
372,373,0.04653750027422,47.8569530220222,14.6423704142094,48.3976546444922,19.2894616852211,1.39324292798435,1.34670542771013,2023.15494266142,2023.2014801617,280800
373,376,0.01215289589786,48.3976546444922,19.2894616852211,50.24600077469,20.867288100898,1.40539582388221,1.39324292798435,2023.2014801617,2023.21363305759,280800
373,374,0.03484655543395,48.3976546444922,19.2894616852211,48.3605024387621,18.782930150513,1.4280894834183,1.39324292798435,2023.2014801617,2023.23632671713,280800
374,94,0.05956369382828,48.3605024387621,18.782930150513,49.9006406346158,16.1892997029385,1.48765317724658,1.4280894834183,2023.23632671713,2023.29589041096,280800
374,375,0.04927340105511,48.3605024387621,18.782930150513,49.7356077039293,16.2555103055175,1.47736288447341,1.4280894834183,2023.23632671713,2023.28560011819,280800
375,93,0.01029029277317,49.7356077039293,16.2555103055175,49.8368899304208,17.9578982609586,1.48765317724658,1.47736288447341,2023.28560011819,2023.29589041096,280800
375,92,0.01029029277317,49.7356077039293,16.2555103055175,49.8368899304208,17.9578982609586,1.48765317724658,1.47736288447341,2023.28560011819,2023.29589041096,280800
376,97,0.1233532437752,50.24600077469,20.867288100898,48.2089421257604,16.3790253882177,1.52874906765741,1.40539582388221,2023.21363305759,2023.33698630137,280800
376,377,0.02204307748196,50.24600077469,20.867288100898,50.0916178238069,19.239560566091,1.42743890136417,1.40539582388221,2023.21363305759,2023.23567613508,280800
377,95,0.002680029306991,50.0916178238069,19.239560566091,49.0792008172895,16.6634176148425,1.43011893067117,1.42743890136417,2023.23567613508,2023.23835616438,280800
377,96,0.04925537177275,50.0916178238069,19.239560566091,52.1141994014432,19.4236724631525,1.47669427313692,1.42743890136417,2023.23567613508,2023.28493150685,280800
378,395,0.129111925558,49.5654246615588,12.5193971629245,48.2055081399583,15.9038497670024,1.31497063859889,1.18585871304089,2022.99409594675,2023.12320787231,280800
378,379,0.01060182930197,49.5654246615588,12.5193971629245,48.038425206674,11.0870161096789,1.19646054234286,1.18585871304089,2022.99409594675,2023.00469777606,280800
379,380,0.0411939429959,48.038425206674,11.0870161096789,47.4219748118442,10.9458462907337,1.23765448533876,1.19646054234286,2023.00469777606,2023.04589171905,280800
379,382,0.1110136032477,48.038425206674,11.0870161096789,45.4193811874632,9.79313046804033,1.30747414559056,1.19646054234286,2023.00469777606,2023.1157113793,280800
380,381,0.2270399032918,47.4219748118442,10.9458462907337,46.3238806147562,7.40811798802777,1.46469438863056,1.23765448533876,2023.04589171905,2023.27293162234,280800
380,100,0.1267110206748,47.4219748118442,10.9458462907337,48.2089421257604,16.3790253882177,1.36436550601356,1.23765448533876,2023.04589171905,2023.17260273973,280800
381,102,0.1846026242322,46.3238806147562,7.40811798802777,57.0522607274982,9.67257639647962,1.64929701286276,1.46469438863056,2023.27293162234,2023.45753424658,280800
381,101,0.04761632286233,46.3238806147562,7.40811798802777,47.2399358407422,9.89649424147589,1.51231071149289,1.46469438863056,2023.27293162234,2023.32054794521,280800
382,388,0.08207141801402,45.4193811874632,9.79313046804033,50.0871499155982,17.1441015171877,1.38954556360458,1.30747414559056,2023.1157113793,2023.19778279732,280800
382,383,0.0008348328662442,45.4193811874632,9.79313046804033,45.9011367294806,11.0311572603004,1.30830897845681,1.30747414559056,2023.1157113793,2023.11654621217,280800
383,385,0.117915107791,45.9011367294806,11.0311572603004,47.7783068502325,15.6563663800705,1.42622408624781,1.30830897845681,2023.11654621217,2023.23446131996,280800
383,384,0.1217331826206,45.9011367294806,11.0311572603004,50.2427223868897,13.8379194007628,1.43004216107741,1.30830897845681,2023.11654621217,2023.23827939479,280800
384,103,0.0274740298677,50.2427223868897,13.8379194007628,50.5294097303953,13.8509106160886,1.45751619094511,1.43004216107741,2023.23827939479,2023.26575342466,280800
384,104,0.1233644408266,50.2427223868897,13.8379194007628,52.1141994014432,19.4236724631525,1.55340660190401,1.43004216107741,2023.23827939479,2023.36164383562,280800
385,386,0.06009761701888,47.7783068502325,15.6563663800705,49.0134274719133,15.892151331416,1.48632170326669,1.42622408624781,2023.23446131996,2023.29455893698,280800
385,387,0.04266880584029,47.7783068502325,15.6563663800705,51.3377465981648,17.4332069160186,1.4688928920881,1.42622408624781,2023.23446131996,2023.2771301258,280800
386,105,0.03146846028119,49.0134274719133,15.892151331416,49.8368899304208,17.9578982609586,1.51779016354788,1.48632170326669,2023.29455893698,2023.32602739726,280800
386,106,0.03146846028119,49.0134274719133,15.892151331416,49.8368899304208,17.9578982609586,1.51779016354788,1.48632170326669,2023.29455893698,2023.32602739726,280800
387,108,0.01054110707609,51.3377465981648,17.4332069160186,52.1141994014432,19.4236724631525,1.47943399916419,1.4688928920881,2023.2771301258,2023.28767123288,280800
387,107,0.04889727145978,51.3377465981648,17.4332069160186,49.8368899304208,17.9578982609586,1.51779016354788,1.4688928920881,2023.2771301258,2023.32602739726,280800
388,389,0.02176717892283,50.0871499155982,17.1441015171877,51.9770291783823,19.010927584408,1.41131274252741,1.38954556360458,2023.19778279732,2023.21954997624,280800
388,392,0.06980479461629,50.0871499155982,17.1441015171877,49.9097134337198,17.6818164603195,1.45935035822087,1.38954556360458,2023.19778279732,2023.26758759193,280800
389,109,0.04346372239036,51.9770291783823,19.010927584408,49.2395239668424,17.7694110590927,1.45477646491777,1.41131274252741,2023.21954997624,2023.26301369863,280800
389,390,0.03110641911821,51.9770291783823,19.010927584408,51.7318131283858,15.8904740472141,1.44241916164562,1.41131274252741,2023.21954997624,2023.25065639536,280800
390,110,0.01509702929951,51.7318131283858,15.8904740472141,50.5294097303953,13.8509106160886,1.45751619094513,1.44241916164562,2023.25065639536,2023.26575342466,280800
390,391,0.1431724197078,51.7318131283858,15.8904740472141,52.6724625568292,13.90516927284,1.58559158135342,1.44241916164562,2023.25065639536,2023.39382881507,280800
391,111,0.2554862534272,52.6724625568292,13.90516927284,60.0038026239663,31.7192161663564,1.84107783478062,1.58559158135342,2023.39382881507,2023.64931506849,280800
391,112,0.1321985821945,52.6724625568292,13.90516927284,50.5294097303953,13.8509106160886,1.71779016354792,1.58559158135342,2023.39382881507,2023.52602739726,280800
392,393,0.004481947818687,49.9097134337198,17.6818164603195,50.6263799975726,17.9219343528054,1.46383230603956,1.45935035822087,2023.26758759193,2023.27206953975,280800
392,116,0.02830281902564,49.9097134337198,17.6818164603195,49.8368899304208,17.9578982609586,1.48765317724651,1.45935035822087,2023.26758759193,2023.29589041096,280800
393,394,0.01528779052503,50.6263799975726,17.9219343528054,49.5443899553929,17.5866964902068,1.47912009656459,1.46383230603956,2023.27206953975,2023.28735733028,280800
393,113,0.08135511778215,50.6263799975726,17.9219343528054,50.5294097303953,13.8509106160886,1.54518742382171,1.46383230603956,2023.27206953975,2023.35342465753,280800
394,115,0.008533080681927,49.5443899553929,17.5866964902068,49.9006406346158,16.1892997029385,1.48765317724652,1.47912009656459,2023.28735733028,2023.29589041096,280800
394,114,0.03319061492837,49.5443899553929,17.5866964902068,50.5294097303953,13.8509106160886,1.51231071149296,1.47912009656459,2023.28735733028,2023.32054794521,280800
395,127,0.08227157974343,48.2055081399583,15.9038497670024,52.1141994014432,19.4236724631525,1.39724221834232,1.31497063859889,2023.12320787231,2023.20547945205,280800
395,396,0.01615583252706,48.2055081399583,15.9038497670024,47.5165959782491,16.1183022250011,1.33112647112595,1.31497063859889,2023.12320787231,2023.13936370484,280800
396,397,0.05617036264621,47.5165959782491,16.1183022250011,47.0685274755488,15.4127838061095,1.38729683377216,1.33112647112595,2023.13936370484,2023.19553406748,280800
396,117,0.005841774613592,47.5165959782491,16.1183022250011,48.2089421257604,16.3790253882177,1.33696824573955,1.33112647112595,2023.13936370484,2023.14520547945,280800
397,401,0.01036521753706,47.0685274755488,15.4127838061095,46.8551057306315,15.4922520811391,1.39766205130922,1.38729683377216,2023.19553406748,2023.20589928502,280800
397,398,0.02570697120716,47.0685274755488,15.4127838061095,44.3099784337438,10.2610823617204,1.41300380497932,1.38729683377216,2023.19553406748,2023.22124103869,280800
398,400,0.1257341768139,44.3099784337438,10.2610823617204,46.1503567426286,10.4416539148841,1.53873798179322,1.41300380497932,2023.22124103869,2023.34697521551,280800
398,399,0.02295536787092,44.3099784337438,10.2610823617204,47.7140104215495,15.1712313204878,1.43595917285024,1.41300380497932,2023.22124103869,2023.24419640656,280800
399,119,0.01607756604014,47.7140104215495,15.1712313204878,49.0792008172895,16.6634176148425,1.45203673889038,1.43595917285024,2023.24419640656,2023.2602739726,280800
399,118,0.08183099069762,47.7140104215495,15.1712313204878,49.0792008172895,16.6634176148425,1.51779016354786,1.43595917285024,2023.24419640656,2023.32602739726,280800
400,120,0.02836725024777,46.1503567426286,10.4416539148841,47.2399358407422,9.89649424147589,1.56710523204099,1.53873798179322,2023.34697521551,2023.37534246575,280800
400,121,0.08864122285054,46.1503567426286,10.4416539148841,47.2399358407422,9.89649424147589,1.62737920464376,1.53873798179322,2023.34697521551,2023.43561643836,280800
401,122,0.03519660538919,46.8551057306315,15.4922520811391,49.9969098943343,14.5545810187162,1.43285865669841,1.39766205130922,2023.20589928502,2023.24109589041,280800
401,402,0.01015382891715,46.8551057306315,15.4922520811391,47.2750975668311,12.2627375474643,1.40781588022637,1.39766205130922,2023.20589928502,2023.21605311394,280800
402,123,0.044220858664,47.2750975668311,12.2627375474643,49.0928166218663,14.4391547985202,1.45203673889037,1.40781588022637,2023.21605311394,2023.2602739726,280800
402,403,0.04232620297651,47.2750975668311,12.2627375474643,47.6014329577986,10.3760328718089,1.45014208320288,1.40781588022637,2023.21605311394,2023.25837931692,280800
403,404,0.02365970936445,47.6014329577986,10.3760328718089,46.7735134213016,11.2758572254696,1.47380179256733,1.45014208320288,2023.25837931692,2023.28203902628,280800
403,126,0.06764808034497,47.6014329577986,10.3760328718089,47.3885937043155,13.0848644916096,1.51779016354785,1.45014208320288,2023.25837931692,2023.32602739726,280800
404,125,0.06316645317225,46.7735134213016,11.2758572254696,48.1371934331394,13.9653618911462,1.53696824573958,1.47380179256733,2023.28203902628,2023.34520547945,280800
404,124,0.04398837098052,46.7735134213016,11.2758572254696,47.3885937043155,13.0848644916096,1.51779016354785,1.47380179256733,2023.28203902628,2023.32602739726,280800
405,406,0.3202203511456,52.9884223757669,6.76595224781954,46.0036666060472,3.7808488777838,1.26229156536089,0.942071214215293,2022.75030844793,2023.07052879907,280800
405,407,0.1893949346783,52.9884223757669,6.76595224781954,51.1529749648986,-0.233560997867245,1.13146614889359,0.942071214215293,2022.75030844793,2022.93970338261,280800
406,129,0.1897451735295,46.0036666060472,3.7808488777838,49.0928166218663,14.4391547985202,1.45203673889039,1.26229156536089,2023.07052879907,2023.2602739726,280800
406,128,0.02262188585819,46.0036666060472,3.7808488777838,45.5190780558984,4.54715006428513,1.28491345121908,1.26229156536089,2023.07052879907,2023.09315068493,280800
407,130,0.3972829187638,51.1529749648986,-0.233560997867245,54.0438440515314,-2.78687513666638,1.52874906765739,1.13146614889359,2022.93970338261,2023.33698630137,280800
407,131,0.04933771328439,51.1529749648986,-0.233560997867245,51.0391095671615,4.2420548599892,1.18080386217798,1.13146614889359,2022.93970338261,2022.98904109589,280800
408,409,0.3068335003671,50.6952467757862,2.11918779320581,53.0394506155445,4.38758695900652,1.15298625457548,0.84615275420838,2022.65438998792,2022.96122348829,280800
408,453,0.1066507342936,50.6952467757862,2.11918779320581,52.4348615352646,4.24370550718214,0.95280348850198,0.84615275420838,2022.65438998792,2022.76104072221,280800
409,410,0.09752927651186,53.0394506155445,4.38758695900652,54.3510306016515,9.26280186768788,1.25051553108734,1.15298625457548,2022.96122348829,2023.0587527648,280800
409,413,0.01832795263299,53.0394506155445,4.38758695900652,53.6588630488028,6.82177112194626,1.17131420720847,1.15298625457548,2022.96122348829,2022.97955144092,280800
410,411,0.2338983530599,54.3510306016515,9.26280186768788,53.3038293198292,-3.15999866668597,1.48441388414724,1.25051553108734,2023.0587527648,2023.29265111786,280800
410,132,0.05083627629619,54.3510306016515,9.26280186768788,50.3127973408239,5.0143267931739,1.30135180738353,1.25051553108734,2023.0587527648,2023.1095890411,280800
411,135,0.01419819720898,53.3038293198292,-3.15999866668597,54.0438440515314,-2.78687513666638,1.49861208135622,1.48441388414724,2023.29265111786,2023.30684931507,280800
411,412,0.01016920749352,53.3038293198292,-3.15999866668597,54.1920902160399,-3.13840704556099,1.49458309164076,1.48441388414724,2023.29265111786,2023.30282032535,280800
412,134,0.004028989715462,54.1920902160399,-3.13840704556099,54.0438440515314,-2.78687513666638,1.49861208135622,1.49458309164076,2023.30282032535,2023.30684931507,280800
412,133,0.02594679793455,54.1920902160399,-3.13840704556099,54.0438440515314,-2.78687513666638,1.52052988957531,1.49458309164076,2023.30282032535,2023.32876712329,280800
413,414,0.04069954421887,53.6588630488028,6.82177112194626,54.6522282034166,6.28258886068878,1.21201375142734,1.17131420720847,2022.97955144092,2023.02025098514,280800
413,451,0.2791145048092,53.6588630488028,6.82177112194626,54.5769096385302,21.8044261168703,1.45042871201767,1.17131420720847,2022.97955144092,2023.25866594573,280800
414,430,0.08622997063009,54.6522282034166,6.28258886068878,53.5058049178538,8.46896645438736,1.29824372205743,1.21201375142734,2023.02025098514,2023.10648095577,280800
414,415,0.1334278272978,54.6522282034166,6.28258886068878,55.5138186711159,5.16112843645998,1.34544157872514,1.21201375142734,2023.02025098514,2023.15367881244,280800
415,151,0.2189239272885,55.5138186711159,5.16112843645998,51.5616727876811,5.19541346074046,1.56436550601364,1.34544157872514,2023.15367881244,2023.37260273973,280800
415,416,0.09167294887951,55.5138186711159,5.16112843645998,55.1456251036334,3.19955518309867,1.43711452760465,1.34544157872514,2023.15367881244,2023.24535176132,280800
416,417,0.00303582250793,55.1456251036334,3.19955518309867,56.2659690306191,4.4137266504551,1.44015035011258,1.43711452760465,2023.24535176132,2023.24838758382,280800
416,428,0.04156538932238,55.1456251036334,3.19955518309867,55.6965196087524,1.5523340121433,1.47867991692703,1.43711452760465,2023.24535176132,2023.28691715064,280800
417,418,0.002540336896061,56.2659690306191,4.4137266504551,56.0111807576109,4.20645938418473,1.44269068700864,1.44015035011258,2023.24838758382,2023.25092792072,280800
417,147,0.02010556685993,56.2659690306191,4.4137266504551,54.0438440515314,-2.78687513666638,1.46025591697251,1.44015035011258,2023.24838758382,2023.26849315068,280800
418,136,0.07783920256664,56.0111807576109,4.20645938418473,55.9474024317265,13.595146733816,1.52052988957528,1.44269068700864,2023.25092792072,2023.32876712329,280800
418,419,0.004875960117314,56.0111807576109,4.20645938418473,55.3113876981223,3.29144044560675,1.44756664712596,1.44269068700864,2023.25092792072,2023.25580388084,280800
419,422,0.1300374523071,55.3113876981223,3.29144044560675,54.720216483891,1.31176008489378,1.57760409943306,1.44756664712596,2023.25580388084,2023.38584133315,280800
419,420,0.001900285696672,55.3113876981223,3.29144044560675,55.1268491379412,2.442256912455,1.44946693282263,1.44756664712596,2023.25580388084,2023.25770416654,280800
420,421,0.07725010168094,55.1268491379412,2.442256912455,53.7104164473693,-4.33033547535642,1.52671703450357,1.44946693282263,2023.25770416654,2023.33495426822,280800
420,137,0.02722734031426,55.1268491379412,2.442256912455,54.0438440515314,-2.78687513666638,1.47669427313689,1.44946693282263,2023.25770416654,2023.28493150685,280800
421,138,0.02394984137311,53.7104164473693,-4.33033547535642,54.0438440515314,-2.78687513666638,1.55066687587668,1.52671703450357,2023.33495426822,2023.35890410959,280800
421,139,0.1171005263046,53.7104164473693,-4.33033547535642,54.0438440515314,-2.78687513666638,1.64381756080817,1.52671703450357,2023.33495426822,2023.45205479452,280800
422,140,0.293610721649,54.720216483891,1.31176008489378,51.0391095671615,4.2420548599892,1.87121482108206,1.57760409943306,2023.38584133315,2023.67945205479,280800
422,423,0.01911931933807,54.720216483891,1.31176008489378,55.8285603339512,1.45383095760721,1.59672341877113,1.57760409943306,2023.38584133315,2023.40496065248,280800
423,427,0.01517016577728,55.8285603339512,1.45383095760721,55.8873288393613,1.27645355779441,1.6118935845484,1.59672341877113,2023.40496065248,2023.42013081826,280800
423,424,0.007058168742685,55.8285603339512,1.45383095760721,56.0299689163655,2.5068638203763,1.60378158751381,1.59672341877113,2023.40496065248,2023.41201882123,280800
424,144,0.0208578911027,56.0299689163655,2.5068638203763,54.0438440515314,-2.78687513666638,1.62463947861651,1.60378158751381,2023.41201882123,2023.43287671233,280800
424,425,0.03929105731623,56.0299689163655,2.5068638203763,60.6518140948803,16.2849579279116,1.64307264483004,1.60378158751381,2023.41201882123,2023.45130987854,280800
425,143,0.07745724474534,60.6518140948803,16.2849579279116,64.2398144022788,26.1623842060791,1.72052988957538,1.64307264483004,2023.45130987854,2023.52876712329,280800
425,426,0.02486780363505,60.6518140948803,16.2849579279116,63.197889150793,25.10779430449,1.66794044846509,1.64307264483004,2023.45130987854,2023.47617768218,280800
426,141,0.05258944111029,63.197889150793,25.10779430449,64.2398144022788,26.1623842060791,1.72052988957538,1.66794044846509,2023.47617768218,2023.52876712329,280800
426,142,0.01149355069924,63.197889150793,25.10779430449,64.2398144022788,26.1623842060791,1.67943399916433,1.66794044846509,2023.47617768218,2023.48767123288,280800
427,146,0.05110205845156,55.8873288393613,1.27645355779441,56.7931587491509,-4.20419908814114,1.66299564299997,1.6118935845484,2023.42013081826,2023.47123287671,280800
427,145,0.04288288036949,55.8873288393613,1.27645355779441,54.0438440515314,-2.78687513666638,1.6547764649179,1.6118935845484,2023.42013081826,2023.46301369863,280800
428,429,0.2417764384354,55.6965196087524,1.5523340121433,53.494764003402,-5.76797613945267,1.72045635536243,1.47867991692703,2023.28691715064,2023.52869358907,280800
428,148,0.07198695894964,55.6965196087524,1.5523340121433,54.0438440515314,-2.78687513666638,1.55066687587667,1.47867991692703,2023.28691715064,2023.35890410959,280800
429,150,0.02199134243194,53.494764003402,-5.76797613945267,54.0438440515314,-2.78687513666638,1.74244769779437,1.72045635536243,2023.52869358907,2023.55068493151,280800
429,149,0.02199134243194,53.494764003402,-5.76797613945267,54.0438440515314,-2.78687513666638,1.74244769779437,1.72045635536243,2023.52869358907,2023.55068493151,280800
430,152,0.03324507162749,53.5058049178538,8.46896645438736,52.5811544669078,4.87272777813315,1.33148879368492,1.29824372205743,2023.10648095577,2023.1397260274,280800
430,431,0.01202598950647,53.5058049178538,8.46896645438736,53.9762510710623,9.36205525367928,1.3102697115639,1.29824372205743,2023.10648095577,2023.11850694528,280800
431,443,0.06000693759196,53.9762510710623,9.36205525367928,56.6722335946595,14.0428981248313,1.37027664915586,1.3102697115639,2023.11850694528,2023.17851388287,280800
431,432,0.05281233490421,53.9762510710623,9.36205525367928,55.6691240869905,10.9410319493844,1.36308204646811,1.3102697115639,2023.11850694528,2023.17131928018,280800
432,433,0.07141816438769,55.6691240869905,10.9410319493844,57.3912501198026,6.26088064752582,1.4345002108558,1.36308204646811,2023.17131928018,2023.24273744457,280800
432,436,0.2290189444148,55.6691240869905,10.9410319493844,50.6753054637991,3.59964797936082,1.59210099088291,1.36308204646811,2023.17131928018,2023.4003382246,280800
433,435,0.07899205555106,57.3912501198026,6.26088064752582,56.8569778836127,5.75379833487063,1.51349226640686,1.4345002108558,2023.24273744457,2023.32172950012,280800
433,434,0.1718511190376,57.3912501198026,6.26088064752582,55.447546985599,7.02321158134552,1.6063513298934,1.4345002108558,2023.24273744457,2023.41458856361,280800
434,154,0.02650732680514,55.447546985599,7.02321158134552,52.2573048104135,5.56251311224367,1.63285865669854,1.6063513298934,2023.41458856361,2023.44109589041,280800
434,153,0.08130184735319,55.447546985599,7.02321158134552,52.0617180422494,5.94466833784019,1.68765317724659,1.6063513298934,2023.41458856361,2023.49589041096,280800
435,155,0.1303252944014,56.8569778836127,5.75379833487063,52.2573048104135,5.56251311224367,1.64381756080826,1.51349226640686,2023.32172950012,2023.45205479452,280800
435,156,0.1549828286478,56.8569778836127,5.75379833487063,54.0438440515314,-2.78687513666638,1.66847509505466,1.51349226640686,2023.32172950012,2023.47671232877,280800
436,437,0.01850859846965,50.6753054637991,3.59964797936082,52.440323185602,4.09314773946342,1.61060958935256,1.59210099088291,2023.4003382246,2023.41884682306,280800
436,441,0.006838517559032,50.6753054637991,3.59964797936082,50.2637176941918,3.88339725290811,1.59893950844194,1.59210099088291,2023.4003382246,2023.40717674215,280800
437,438,0.003445051240283,52.440323185602,4.09314773946342,51.610566671339,3.2295984075271,1.61405464059284,1.61060958935256,2023.41884682306,2023.42229187431,280800
437,440,0.002606127515494,52.440323185602,4.09314773946342,52.0271924272752,3.24724834905598,1.61321571686805,1.61060958935256,2023.41884682306,2023.42145295058,280800
438,439,0.06565924242168,51.610566671339,3.2295984075271,51.8933775809521,3.26255735789929,1.67971388301452,1.61405464059284,2023.42229187431,2023.48795111673,280800
438,159,0.04072182432501,51.610566671339,3.2295984075271,51.9374604216783,4.46477045234472,1.65477646491785,1.61405464059284,2023.42229187431,2023.46301369863,280800
439,157,0.02437765039644,51.8933775809521,3.26255735789929,51.0391095671615,4.2420548599892,1.70409153341096,1.67971388301452,2023.48795111673,2023.51232876712,280800
439,158,0.02163792436886,51.8933775809521,3.26255735789929,51.0391095671615,4.2420548599892,1.70135180738338,1.67971388301452,2023.48795111673,2023.5095890411,280800
440,160,0.01964293983048,52.0271924272752,3.24724834905598,52.2573048104135,5.56251311224367,1.63285865669853,1.61321571686805,2023.42145295058,2023.44109589041,280800
440,161,0.05799910421417,52.0271924272752,3.24724834905598,52.5266976905946,5.60009163363913,1.67121482108222,1.61321571686805,2023.42145295058,2023.47945205479,280800
441,162,0.236658874284,50.2637176941918,3.88339725290811,60.0038026239663,31.7192161663564,1.83559838272594,1.59893950844194,2023.40717674215,2023.64383561644,280800
441,442,0.02955624517594,50.2637176941918,3.88339725290811,52.6189260210766,4.43227349204376,1.62849575361788,1.59893950844194,2023.40717674215,2023.43673298733,280800
442,164,0.04271906746434,52.6189260210766,4.43227349204376,52.5811544669078,4.87272777813315,1.67121482108222,1.62849575361788,2023.43673298733,2023.47945205479,280800
442,163,0.1495683825326,52.6189260210766,4.43227349204376,51.0391095671615,4.2420548599892,1.77806413615048,1.62849575361788,2023.43673298733,2023.58630136986,280800
443,165,0.2105272130222,56.6722335946595,14.0428981248313,53.2180813959811,6.7445168668343,1.58080386217806,1.37027664915586,2023.17851388287,2023.38904109589,280800
443,444,0.03683288912165,56.6722335946595,14.0428981248313,54.3929340125786,15.464920951416,1.40710953827751,1.37027664915586,2023.17851388287,2023.21534677199,280800
444,166,0.1243792554075,54.3929340125786,15.464920951416,52.1141994014432,19.4236724631525,1.53148879368501,1.40710953827751,2023.21534677199,2023.3397260274,280800
444,445,0.1105003589858,54.3929340125786,15.464920951416,55.0416842987143,20.3371852183666,1.51760989726331,1.40710953827751,2023.21534677199,2023.32584713098,280800
445,450,0.09127538461414,55.0416842987143,20.3371852183666,58.9999701413622,18.5280845144328,1.60888528187745,1.51760989726331,2023.32584713098,2023.41712251559,280800
445,446,0.1140155368504,55.0416842987143,20.3371852183666,57.120532979897,16.937683303024,1.63162543411371,1.51760989726331,2023.32584713098,2023.43986266783,280800
446,447,0.002117863551811,57.120532979897,16.937683303024,57.1233014063824,16.6600146464428,1.63374329766552,1.63162543411371,2023.43986266783,2023.44198053138,280800
446,171,0.001233222584797,57.120532979897,16.937683303024,57.1855292476939,16.1305148015024,1.63285865669851,1.63162543411371,2023.43986266783,2023.44109589041,280800
447,449,0.06572435861972,57.1233014063824,16.6600146464428,60.3080034783076,20.6320464765846,1.69946765628524,1.63374329766552,2023.44198053138,2023.50770489,280800
447,448,0.07022556202083,57.1233014063824,16.6600146464428,57.353395726467,14.8324551804353,1.70396885968635,1.63374329766552,2023.44198053138,2023.5122060934,280800
448,167,0.02204048194367,57.353395726467,14.8324551804353,56.9527544067021,12.8455535105187,1.72600934163002,1.70396885968635,2023.5122060934,2023.53424657534,280800
448,168,0.02204048194367,57.353395726467,14.8324551804353,57.5128828372686,18.541723046906,1.72600934163002,1.70396885968635,2023.5122060934,2023.53424657534,280800
449,170,0.02654168534479,60.3080034783076,20.6320464765846,57.5128828372686,18.541723046906,1.72600934163003,1.69946765628524,2023.50770489,2023.53424657534,280800
449,169,0.04571976753652,60.3080034783076,20.6320464765846,64.2398144022788,26.1623842060791,1.74518742382176,1.69946765628524,2023.50770489,2023.55342465753,280800
450,173,0.03493227893076,58.9999701413622,18.5280845144328,57.1855292476939,16.1305148015024,1.64381756080821,1.60888528187745,2023.41712251559,2023.45205479452,280800
450,172,0.02123364879374,58.9999701413622,18.5280845144328,57.1855292476939,16.1305148015024,1.63011893067119,1.60888528187745,2023.41712251559,2023.43835616438,280800
451,452,0.02806399452156,54.5769096385302,21.8044261168703,53.4014804585736,19.9312282781564,1.47849270653923,1.45042871201767,2023.25866594573,2023.28672994025,280800
451,176,0.1331148761878,54.5769096385302,21.8044261168703,56.8620641951116,24.9396020767644,1.58354358820547,1.45042871201767,2023.25866594573,2023.39178082192,280800
452,175,0.05847553920046,53.4014804585736,19.9312282781564,56.8620641951116,24.9396020767644,1.53696824573969,1.47849270653923,2023.28672994025,2023.34520547945,280800
452,174,0.07491389536483,53.4014804585736,19.9312282781564,56.8620641951116,24.9396020767644,1.55340660190406,1.47849270653923,2023.28672994025,2023.36164383562,280800
453,483,0.1120204142783,52.4348615352646,4.24370550718214,50.9628595811138,13.8736569460654,1.06482390278028,0.95280348850198,2022.76104072221,2022.87306113649,280800
453,454,0.08853398220488,52.4348615352646,4.24370550718214,51.7001362160287,4.64913447392235,1.04133747070686,0.95280348850198,2022.76104072221,2022.84957470442,280800
454,455,0.1123030738067,51.7001362160287,4.64913447392235,53.1506417055989,7.9358617433657,1.15364054451356,1.04133747070686,2022.84957470442,2022.96187777823,280800
454,464,0.08759190616358,51.7001362160287,4.64913447392235,47.4076733711262,9.64910494523602,1.12892937687044,1.04133747070686,2022.84957470442,2022.93716661058,280800
455,456,0.1572735672016,53.1506417055989,7.9358617433657,53.7936320122929,9.03500613913512,1.31091411171516,1.15364054451356,2022.96187777823,2023.11915134543,280800
455,462,0.07499286134818,53.1506417055989,7.9358617433657,52.9412894284513,1.57624914779688,1.22863340586174,1.15364054451356,2022.96187777823,2023.03687063957,280800
456,457,0.06001298113879,53.7936320122929,9.03500613913512,53.7262324914432,16.6764345630188,1.37092709285395,1.31091411171516,2023.11915134543,2023.17916432657,280800
456,460,0.02328846246224,53.7936320122929,9.03500613913512,54.3086212555389,11.1052852137168,1.3342025741774,1.31091411171516,2023.11915134543,2023.14243980789,280800
457,180,0.146863070694,53.7262324914432,16.6764345630188,49.0792008172895,16.6634176148425,1.51779016354795,1.37092709285395,2023.17916432657,2023.32602739726,280800
457,458,0.1010212812437,53.7262324914432,16.6764345630188,51.2210174980488,15.4495949803391,1.47194837409765,1.37092709285395,2023.17916432657,2023.28018560781,280800
458,459,0.03956091279696,51.2210174980488,15.4495949803391,52.2782981353499,20.6491613379271,1.51150928689461,1.47194837409765,2023.28018560781,2023.31974652061,280800
458,177,0.03214315931328,51.2210174980488,15.4495949803391,52.1141994014432,19.4236724631525,1.50409153341093,1.47194837409765,2023.28018560781,2023.31232876712,280800
459,178,0.09395210952992,52.2782981353499,20.6491613379271,55.9474024317265,13.595146733816,1.60546139642453,1.51150928689461,2023.31974652061,2023.41369863014,280800
459,179,0.006280876653343,52.2782981353499,20.6491613379271,49.0792008172895,16.6634176148425,1.51779016354795,1.51150928689461,2023.31974652061,2023.32602739726,280800
460,183,0.1342725208775,54.3086212555389,11.1052852137168,52.5811544669078,4.87272777813315,1.4684750950549,1.3342025741774,2023.14243980789,2023.27671232877,280800
460,461,0.2666479465606,54.3086212555389,11.1052852137168,51.1625829070382,5.84256104738909,1.600850520738,1.3342025741774,2023.14243980789,2023.40908775445,280800
461,181,0.01283005376891,51.1625829070382,5.84256104738909,52.2573048104135,5.56251311224367,1.61368057450691,1.600850520738,2023.40908775445,2023.42191780822,280800
461,182,0.1470766291112,51.1625829070382,5.84256104738909,52.5811544669078,4.87272777813315,1.7479271498492,1.600850520738,2023.40908775445,2023.55616438356,280800
462,463,0.04578697656466,52.9412894284513,1.57624914779688,51.8401937291068,2.77612602235719,1.2744203824264,1.22863340586174,2023.03687063957,2023.08265761614,280800
462,184,0.1083348398779,52.9412894284513,1.57624914779688,52.083727924893,5.16763788059654,1.33696824573964,1.22863340586174,2023.03687063957,2023.14520547945,280800
463,185,0.07076704139555,51.8401937291068,2.77612602235719,51.9374604216783,4.46477045234472,1.34518742382195,1.2744203824264,2023.08265761614,2023.15342465753,280800
463,186,0.07624649345027,51.8401937291068,2.77612602235719,52.083727924893,5.16763788059654,1.35066687587667,1.2744203824264,2023.08265761614,2023.15890410959,280800
464,465,0.06252751735246,47.4076733711262,9.64910494523602,50.6038056504355,5.1481003610506,1.1914568942229,1.12892937687044,2022.93716661058,2022.99969412794,280800
464,187,0.2052991428419,47.4076733711262,9.64910494523602,51.0391095671615,4.2420548599892,1.33422851971234,1.12892937687044,2022.93716661058,2023.14246575342,280800
465,466,0.05743801664502,50.6038056504355,5.1481003610506,50.5765680448599,8.04692797382104,1.24889491086792,1.1914568942229,2022.99969412794,2023.05713214458,280800
465,188,0.1345524474071,50.6038056504355,5.1481003610506,51.0391095671615,4.2420548599892,1.32600934163,1.1914568942229,2022.99969412794,2023.13424657534,280800
466,467,0.01656010319641,50.5765680448599,8.04692797382104,50.8868412217098,8.70278647399688,1.26545501406433,1.24889491086792,2023.05713214458,2023.07369224778,280800
466,189,0.219580184187,50.5765680448599,8.04692797382104,52.5266976905946,5.60009163363913,1.46847509505492,1.24889491086792,2023.05713214458,2023.27671232877,280800
467,468,0.0598345881426,50.8868412217098,8.70278647399688,50.84083921077,9.98657328228368,1.32528960220693,1.26545501406433,2023.07369224778,2023.13352683592,280800
467,190,0.09069131386707,50.8868412217098,8.70278647399688,52.4448999895994,6.44900146928843,1.3561463279314,1.26545501406433,2023.07369224778,2023.16438356164,280800
468,469,0.01783125632023,50.84083921077,9.98657328228368,50.1269475926299,8.60602743617257,1.34312085852716,1.32528960220693,2023.13352683592,2023.15135809224,280800
468,482,0.08358407072068,50.84083921077,9.98657328228368,50.6527058274458,12.5286622723636,1.40887367292761,1.32528960220693,2023.13352683592,2023.21711090664,280800
469,470,0.06643612144161,50.1269475926299,8.60602743617257,50.2876335412172,8.59263290566483,1.40955697996877,1.34312085852716,2023.15135809224,2023.21779421368,280800
469,473,0.07206314102797,50.1269475926299,8.60602743617257,51.7615719325609,12.7300242077715,1.41518399955513,1.34312085852716,2023.15135809224,2023.22342123327,280800
470,471,0.1346581610891,50.2876335412172,8.59263290566483,51.5346671231227,3.69284402774272,1.54421514105787,1.40955697996877,2023.21779421368,2023.35245237477,280800
470,472,0.008024481963296,50.2876335412172,8.59263290566483,50.1907532878524,8.43345877898584,1.41758146193207,1.40955697996877,2023.21779421368,2023.22581869564,280800
471,192,0.01193118687358,51.5346671231227,3.69284402774272,52.5811544669078,4.87272777813315,1.55614632793145,1.54421514105787,2023.35245237477,2023.36438356164,280800
471,191,0.2174106389283,51.5346671231227,3.69284402774272,51.4777551092159,7.5539349720828,1.76162577998617,1.54421514105787,2023.35245237477,2023.5698630137,280800
472,193,0.03445527695843,50.1907532878524,8.43345877898584,52.0617180422494,5.94466833784019,1.4520367388905,1.41758146193207,2023.22581869564,2023.2602739726,280800
472,194,0.07007171531453,50.1907532878524,8.43345877898584,49.9006406346158,16.1892997029385,1.4876531772466,1.41758146193207,2023.22581869564,2023.29589041096,280800
473,474,0.04486079539421,51.7615719325609,12.7300242077715,54.6313164105124,12.2759194278384,1.46004479494934,1.41518399955513,2023.22342123327,2023.26828202866,280800
473,204,0.1108253420749,51.7615719325609,12.7300242077715,52.1141994014432,19.4236724631525,1.52600934163003,1.41518399955513,2023.22342123327,2023.33424657534,280800
474,478,0.01388056584753,54.6313164105124,12.2759194278384,53.2382947166211,10.2275356187142,1.47392536079687,1.46004479494934,2023.26828202866,2023.28216259451,280800
474,475,0.01459603547849,54.6313164105124,12.2759194278384,52.7820223071233,11.2807345933187,1.47464083042783,1.46004479494934,2023.26828202866,2023.28287806414,280800
475,198,0.01301234681876,52.7820223071233,11.2807345933187,52.1141994014432,19.4236724631525,1.48765317724659,1.47464083042783,2023.28287806414,2023.29589041096,280800
475,476,0.01081854915109,52.7820223071233,11.2807345933187,53.9424296452898,9.59723936582017,1.48545937957892,1.47464083042783,2023.28287806414,2023.29369661329,280800
476,197,0.01863215383204,53.9424296452898,9.59723936582017,52.5266976905946,5.60009163363913,1.50409153341096,1.48545937957892,2023.29369661329,2023.31232876712,280800
476,477,0.01034381401056,53.9424296452898,9.59723936582017,54.4731410588085,12.0334156898936,1.49580319358948,1.48545937957892,2023.29369661329,2023.3040404273,280800
477,195,0.07404176447897,54.4731410588085,12.0334156898936,51.9374604216783,4.46477045234472,1.56984495806845,1.49580319358948,2023.3040404273,2023.37808219178,280800
477,196,0.1480143672188,54.4731410588085,12.0334156898936,52.2573048104135,5.56251311224367,1.64381756080828,1.49580319358948,2023.3040404273,2023.45205479452,280800
478,199,0.02742644658674,53.2382947166211,10.2275356187142,52.5811544669078,4.87272777813315,1.50135180738361,1.47392536079687,2023.28216259451,2023.3095890411,280800
478,479,0.0913827813513,53.2382947166211,10.2275356187142,51.4027095349073,4.42864813311314,1.56530814214817,1.47392536079687,2023.28216259451,2023.37354537586,280800
479,481,0.07332350109125,51.4027095349073,4.42864813311314,51.0378900520253,4.01939244443806,1.63863164323942,1.56530814214817,2023.37354537586,2023.44686887695,280800
479,480,0.07639327637451,51.4027095349073,4.42864813311314,50.5810447489186,6.07436641682088,1.64170141852268,1.56530814214817,2023.37354537586,2023.44993865224,280800
480,200,0.09526682721708,50.5810447489186,6.07436641682088,52.5266976905946,5.60009163363913,1.73696824573976,1.64170141852268,2023.44993865224,2023.54520547945,280800
480,201,0.06512984091569,50.5810447489186,6.07436641682088,52.0617180422494,5.94466833784019,1.70683125943837,1.64170141852268,2023.44993865224,2023.51506849315,280800
481,202,0.005185917568818,51.0378900520253,4.01939244443806,52.2573048104135,5.56251311224367,1.64381756080824,1.63863164323942,2023.44686887695,2023.45205479452,280800
481,203,0.06819961619895,51.0378900520253,4.01939244443806,52.0617180422494,5.94466833784019,1.70683125943837,1.63863164323942,2023.44686887695,2023.51506849315,280800
482,206,0.05138224404496,50.6527058274458,12.5286622723636,52.0617180422494,5.94466833784019,1.46025591697257,1.40887367292761,2023.21711090664,2023.26849315069,280800
482,205,0.1253548467847,50.6527058274458,12.5286622723636,52.1141994014432,19.4236724631525,1.53422851971231,1.40887367292761,2023.21711090664,2023.34246575342,280800
483,484,0.2128241749272,50.9628595811138,13.8736569460654,50.0351216060772,17.6394693625719,1.27764807770748,1.06482390278028,2022.87306113649,2023.08588531142,280800
483,493,0.05658029257827,50.9628595811138,13.8736569460654,47.8272030145583,12.0750991025084,1.12140419535855,1.06482390278028,2022.87306113649,2022.92964142907,280800
484,485,0.07049663043843,50.0351216060772,17.6394693625719,48.9216131944109,14.4182414412686,1.34814470814591,1.27764807770748,2023.08588531142,2023.15638194186,280800
484,488,0.02152392203424,50.0351216060772,17.6394693625719,49.084690297726,18.3037147244033,1.29917199974172,1.27764807770748,2023.08588531142,2023.10740923345,280800
485,207,0.1285495649911,48.9216131944109,14.4182414412686,49.7786245115919,17.190355445158,1.47669427313701,1.34814470814591,2023.15638194186,2023.28493150685,280800
485,486,0.011284608339,48.9216131944109,14.4182414412686,50.5577373022989,15.8325677921955,1.35942931648491,1.34814470814591,2023.15638194186,2023.1676665502,280800
486,487,0.05777266006827,50.5577373022989,15.8325677921955,47.7984473595476,12.7898564711691,1.41720197655318,1.35942931648491,2023.1676665502,2023.22543921027,280800
486,208,0.2295937237753,50.5577373022989,15.8325677921955,46.124137393352,14.813678667363,1.58902304026021,1.35942931648491,2023.1676665502,2023.39726027397,280800
487,209,0.03483476233735,47.7984473595476,12.7898564711691,49.0928166218663,14.4391547985202,1.45203673889053,1.41720197655318,2023.22543921027,2023.2602739726,280800
487,210,0.171821063707,47.7984473595476,12.7898564711691,46.124137393352,14.813678667363,1.58902304026018,1.41720197655318,2023.22543921027,2023.39726027397,280800
488,489,0.06405604223037,49.084690297726,18.3037147244033,45.862398886623,16.972253962532,1.36322804197209,1.29917199974172,2023.10740923345,2023.17146527568,280800
488,211,0.1117688487378,49.084690297726,18.3037147244033,45.6595758067318,11.8428083995249,1.41094084847952,1.29917199974172,2023.10740923345,2023.21917808219,280800
489,490,0.0363564410351,45.862398886623,16.972253962532,49.1730377886769,19.344435780489,1.39958448300719,1.36322804197209,2023.17146527568,2023.20782171672,280800
489,216,0.02031554623338,45.862398886623,16.972253962532,46.124137393352,14.813678667363,1.38354358820547,1.36322804197209,2023.17146527568,2023.19178082192,280800
490,491,0.03952399031466,49.1730377886769,19.344435780489,50.3932667319373,18.5143883081491,1.43910847332185,1.39958448300719,2023.20782171672,2023.24734570703,280800
490,215,0.175739927116,49.1730377886769,19.344435780489,50.3852537596798,15.8661896036913,1.57532441012319,1.39958448300719,2023.20782171672,2023.38356164384,280800
491,212,0.1060789505,50.3932667319373,18.5143883081491,45.7905441204838,16.0603237314168,1.54518742382185,1.43910847332185,2023.24734570703,2023.35342465753,280800
491,492,0.005478508301378,50.3932667319373,18.5143883081491,48.9873531893836,15.7445753173897,1.44458698162323,1.43910847332185,2023.24734570703,2023.25282421534,280800
492,214,0.01018948329467,48.9873531893836,15.7445753173897,49.2395239668424,17.7694110590927,1.4547764649179,1.44458698162323,2023.25282421534,2023.26301369863,280800
492,213,0.01018948329467,48.9873531893836,15.7445753173897,48.2718646696418,15.7529218938467,1.4547764649179,1.44458698162323,2023.25282421534,2023.26301369863,280800
493,219,0.138851721614,47.8272030145583,12.0750991025084,45.6595758067318,11.8428083995249,1.26025591697255,1.12140419535855,2022.92964142907,2023.06849315069,280800
493,494,0.1035817746461,47.8272030145583,12.0750991025084,42.6921996348727,6.42321727023053,1.22498597000465,1.12140419535855,2022.92964142907,2023.03322320372,280800
494,218,0.1311603579268,42.6921996348727,6.42321727023053,45.6595758067318,11.8428083995249,1.35614632793145,1.22498597000465,2023.03322320372,2023.16438356164,280800
494,217,0.1448589880638,42.6921996348727,6.42321727023053,45.6595758067318,11.8428083995249,1.36984495806845,1.22498597000465,2023.03322320372,2023.17808219178,280800
495,496,0.06644679362038,52.0027130965697,1.66335213641419,50.8841445021149,2.58947056298141,0.77639189091622,0.70994509729584,2022.51818233101,2022.58462912463,280800
495,497,0.02203892680569,52.0027130965697,1.66335213641419,52.2097769422726,5.26015696766607,0.73198402410153,0.70994509729584,2022.51818233101,2022.54022125781,280800
496,221,0.05920649180975,50.8841445021149,2.58947056298141,52.5811544669078,4.87272777813315,0.83559838272597,0.77639189091622,2022.58462912463,2022.64383561644,280800
496,220,0.007151697289275,50.8841445021149,2.58947056298141,51.4517197034959,3.83526799798383,0.783543588205495,0.77639189091622,2022.58462912463,2022.59178082192,280800
497,252,0.03238148191223,52.2097769422726,5.26015696766607,51.0391095671615,4.2420548599892,0.76436550601376,0.73198402410153,2022.54022125781,2022.57260273973,280800
497,498,0.2342836199392,52.2097769422726,5.26015696766607,48.2984169201637,4.98242271689026,0.96626764404073,0.73198402410153,2022.54022125781,2022.77450487775,280800
498,517,0.212035308177,48.2984169201637,4.98242271689026,53.7883282942557,10.380026103093,1.17830295221773,0.96626764404073,2022.77450487775,2022.98654018593,280800
498,499,0.05483119617883,48.2984169201637,4.98242271689026,47.3741206861616,1.77488860105574,1.02109884021956,0.96626764404073,2022.77450487775,2022.82933607393,280800
499,500,0.04484946122274,47.3741206861616,1.77488860105574,49.4768160817238,-0.268616945115501,1.0659483014423,1.02109884021956,2022.82933607393,2022.87418553515,280800
499,513,0.01285900213116,47.3741206861616,1.77488860105574,47.6550084011397,-0.161329467576088,1.03395784235072,1.02109884021956,2022.82933607393,2022.84219507606,280800
500,501,0.04520697081082,49.4768160817238,-0.268616945115501,50.6244570201795,-5.42865276974026,1.11115527225312,1.0659483014423,2022.87418553515,2022.91939250597,280800
500,502,0.03054709232413,49.4768160817238,-0.268616945115501,50.2645710372534,0.538659392954737,1.09649539376643,1.0659483014423,2022.87418553515,2022.90473262748,280800
501,222,0.0422513296509,50.6244570201795,-5.42865276974026,52.0617180422494,5.94466833784019,1.15340660190402,1.11115527225312,2022.91939250597,2022.96164383562,280800
501,223,0.3189636584181,50.6244570201795,-5.42865276974026,52.5811544669078,4.87272777813315,1.43011893067122,1.11115527225312,2022.91939250597,2023.23835616438,280800
502,503,0.1313919648739,50.2645710372534,0.538659392954737,54.0936814251645,3.40201813636428,1.22788735864033,1.09649539376643,2022.90473262748,2023.03612459235,280800
502,511,0.06266866128517,50.2645710372534,0.538659392954737,51.1433841263333,5.42688320240297,1.1591640550516,1.09649539376643,2022.90473262748,2022.96740128876,280800
503,504,0.03571582604917,54.0936814251645,3.40201813636428,50.6015416169136,2.87361217425884,1.2636031846895,1.22788735864033,2023.03612459235,2023.0718404184,280800
503,232,0.05154664052396,54.0936814251645,3.40201813636428,51.9374604216783,4.46477045234472,1.27943399916429,1.22788735864033,2023.03612459235,2023.08767123288,280800
504,505,0.01225294244849,50.6015416169136,2.87361217425884,51.3611773220981,3.84026516638525,1.27585612713799,1.2636031846895,2023.0718404184,2023.08409336085,280800
504,508,0.05722877952141,50.6015416169136,2.87361217425884,51.0675889835877,4.03920622338668,1.32083196421091,1.2636031846895,2023.0718404184,2023.12906919792,280800
505,224,0.1350847213415,51.3611773220981,3.84026516638525,52.5811544669078,4.87272777813315,1.41094084847949,1.27585612713799,2023.08409336085,2023.21917808219,280800
505,506,0.2221384796855,51.3611773220981,3.84026516638525,54.0070574582599,9.98786587561002,1.49799460682349,1.27585612713799,2023.08409336085,2023.30623184054,280800
506,227,0.1047270635738,54.0070574582599,9.98786587561002,53.7551744161606,12.5509509363277,1.60272167039729,1.49799460682349,2023.30623184054,2023.41095890411,280800
506,507,0.1738548714835,54.0070574582599,9.98786587561002,58.9191831863398,18.0481846115245,1.67184947830699,1.49799460682349,2023.30623184054,2023.48008671202,280800
507,226,0.1637489044191,58.9191831863398,18.0481846115245,64.2398144022788,26.1623842060791,1.83559838272609,1.67184947830699,2023.48008671202,2023.64383561644,280800
507,225,0.05415986332318,58.9191831863398,18.0481846115245,57.5128828372686,18.541723046906,1.72600934163017,1.67184947830699,2023.48008671202,2023.53424657534,280800
508,510,0.01556744806912,51.0675889835877,4.03920622338668,52.4402353963359,4.83682618108693,1.33639941228003,1.32083196421091,2023.12906919792,2023.14463664599,280800
508,509,0.354865947762,51.0675889835877,4.03920622338668,64.674450342766,18.6629393928711,1.67569791197291,1.32083196421091,2023.12906919792,2023.48393514569,280800
509,228,0.2201744433559,64.674450342766,18.6629393928711,64.2398144022788,26.1623842060791,1.89587235532881,1.67569791197291,2023.48393514569,2023.70410958904,280800
509,229,0.2037360871915,64.674450342766,18.6629393928711,64.2398144022788,26.1623842060791,1.87943399916441,1.67569791197291,2023.48393514569,2023.68767123288,280800
510,230,0.3704318471584,52.4402353963359,4.83682618108693,54.0438440515314,-2.78687513666638,1.70683125943843,1.33639941228003,2023.14463664599,2023.51506849315,280800
510,231,0.008788011541969,52.4402353963359,4.83682618108693,52.5811544669078,4.87272777813315,1.345187423822,1.33639941228003,2023.14463664599,2023.15342465753,280800
511,235,0.02163980712644,51.1433841263333,5.42688320240297,52.5811544669078,4.87272777813315,1.18080386217804,1.1591640550516,2022.96740128876,2022.98904109589,280800
511,512,0.1616837573532,51.1433841263333,5.42688320240297,51.0392937641491,3.53769485183929,1.3208478124048,1.1591640550516,2022.96740128876,2023.12908504612,280800
512,234,0.04351769360889,51.0392937641491,3.53769485183929,52.8629285667789,6.62382060282334,1.36436550601369,1.3208478124048,2023.12908504612,2023.17260273973,280800
512,233,0.1859834470335,51.0392937641491,3.53769485183929,55.3568797999445,9.45020901930698,1.5068312594383,1.3208478124048,2023.12908504612,2023.31506849315,280800
513,240,0.3057501294163,47.6550084011397,-0.161329467576088,52.0617180422494,5.94466833784019,1.33970797176702,1.03395784235072,2022.84219507606,2023.14794520548,280800
513,514,0.4017084624569,47.6550084011397,-0.161329467576088,60.2393912795957,5.49817311266798,1.43566630480762,1.03395784235072,2022.84219507606,2023.24390353852,280800
514,515,0.04101264824709,60.2393912795957,5.49817311266798,60.4998047453499,8.51358016824998,1.47667895305471,1.43566630480762,2023.24390353852,2023.28491618677,280800
514,236,0.1588361875075,60.2393912795957,5.49817311266798,54.1814850326718,9.81577342948134,1.59450249231512,1.43566630480762,2023.24390353852,2023.40273972603,280800
515,516,0.08360145723861,60.4998047453499,8.51358016824998,70.2597495864479,21.2023014425165,1.56028041029332,1.47667895305471,2023.28491618677,2023.36851764401,280800
515,237,0.1178235392604,60.4998047453499,8.51358016824998,52.5811544669078,4.87272777813315,1.59450249231511,1.47667895305471,2023.28491618677,2023.40273972603,280800
516,239,0.3794275614739,70.2597495864479,21.2023014425165,69.2782075900742,19.5016391581555,1.93970797176722,1.56028041029332,2023.36851764401,2023.74794520548,280800
516,238,0.006824821747794,70.2597495864479,21.2023014425165,69.2782075900742,19.5016391581555,1.56710523204111,1.56028041029332,2023.36851764401,2023.37534246575,280800
517,518,0.09881198339875,53.7883282942557,10.380026103093,53.2340719350868,7.4839717887577,1.27711493561648,1.17830295221773,2022.98654018593,2023.08535216933,280800
517,521,0.03883609329429,53.7883282942557,10.380026103093,52.5152880078225,10.7632279795199,1.21713904551202,1.17830295221773,2022.98654018593,2023.02537627922,280800
518,519,0.03335808475418,53.2340719350868,7.4839717887577,51.8203062762138,5.6991075723039,1.31047302037066,1.27711493561648,2023.08535216933,2023.11871025408,280800
518,241,0.1393053649178,53.2340719350868,7.4839717887577,52.7642105761026,9.16783937293005,1.41642030053428,1.27711493561648,2023.08535216933,2023.22465753425,280800
519,520,0.01654872493462,51.8203062762138,5.6991075723039,53.0820714223664,6.06300496229974,1.32702174530528,1.31047302037066,2023.11871025408,2023.13525897902,280800
519,242,0.07033084180748,51.8203062762138,5.6991075723039,53.2180813959811,6.7445168668343,1.38080386217814,1.31047302037066,2023.11871025408,2023.18904109589,280800
520,244,0.02912458262618,53.0820714223664,6.06300496229974,52.2573048104135,5.56251311224367,1.35614632793146,1.32702174530528,2023.13525897902,2023.16438356164,280800
520,243,0.09213828125631,53.0820714223664,6.06300496229974,52.5811544669078,4.87272777813315,1.41916002656159,1.32702174530528,2023.13525897902,2023.22739726027,280800
521,522,0.0745186784859,52.5152880078225,10.7632279795199,51.5879830562029,4.59201826986996,1.29165772399792,1.21713904551202,2023.02537627922,2023.09989495771,280800
521,523,0.00273817908232,52.5152880078225,10.7632279795199,52.3982641676524,10.4617368853826,1.21987722459434,1.21713904551202,2023.02537627922,2023.02811445831,280800
522,245,0.1412009327007,51.5879830562029,4.59201826986996,52.0617180422494,5.94466833784019,1.43285865669862,1.29165772399792,2023.09989495771,2023.24109589041,280800
522,246,0.05352969982411,51.5879830562029,4.59201826986996,52.5811544669078,4.87272777813315,1.34518742382203,1.29165772399792,2023.09989495771,2023.15342465753,280800
523,526,0.05881507036642,52.3982641676524,10.4617368853826,50.2448917839117,8.67483178261996,1.27869229496076,1.21987722459434,2023.02811445831,2023.08692952867,280800
523,524,0.07652462519115,52.3982641676524,10.4617368853826,51.6741012651717,6.08772995381065,1.29640184978549,1.21987722459434,2023.02811445831,2023.1046390835,280800
524,249,0.01590886170779,51.6741012651717,6.08772995381065,52.5266976905946,5.60009163363913,1.31231071149328,1.29640184978549,2023.1046390835,2023.12054794521,280800
524,525,0.01416132427675,51.6741012651717,6.08772995381065,52.3839483874341,6.76910874910542,1.31056317406224,1.29640184978549,2023.1046390835,2023.11880040777,280800
525,247,0.1222954826364,52.3839483874341,6.76910874910542,52.0617180422494,5.94466833784019,1.43285865669864,1.31056317406224,2023.11880040777,2023.24109589041,280800
525,248,0.04558315386922,52.3839483874341,6.76910874910542,52.4448999895994,6.44900146928843,1.35614632793146,1.31056317406224,2023.11880040777,2023.16438356164,280800
526,251,0.1322485535188,50.2448917839117,8.67483178261996,48.2089421257604,16.3790253882177,1.41094084847956,1.27869229496076,2023.08692952867,2023.21917808219,280800
526,250,0.1815636220119,50.2448917839117,8.67483178261996,51.0391095671615,4.2420548599892,1.46025591697266,1.27869229496076,2023.08692952867,2023.26849315069,280800
527,528,0.04002953722719,49.2453900724913,1.39300439235854,47.3480955882521,-0.864201213555101,0.406359001886787,0.366329464659597,2022.17456669837,2022.2145962356,280800
527,259,0.2418716577926,49.2453900724913,1.39300439235854,51.4517197034959,3.83526799798383,0.608201122452197,0.366329464659597,2022.17456669837,2022.41643835616,280800
528,258,0.2758147233049,47.3480955882521,-0.864201213555101,52.5811544669078,4.87272777813315,0.682173725191687,0.406359001886787,2022.2145962356,2022.4904109589,280800
528,529,0.08234744871365,47.3480955882521,-0.864201213555101,48.3634762941058,7.25615202249334,0.488706450600437,0.406359001886787,2022.2145962356,2022.29694368431,280800
529,253,0.07291932938598,48.3634762941058,7.25615202249334,46.5103009447381,2.5780749353201,0.561625779986417,0.488706450600437,2022.29694368431,2022.3698630137,280800
529,530,0.06304238553491,48.3634762941058,7.25615202249334,49.3009850088962,6.10331328969527,0.551748836135347,0.488706450600437,2022.29694368431,2022.35998606985,280800
530,532,0.09179044004261,49.3009850088962,6.10331328969527,47.0539885636401,7.01359395996361,0.643539276177957,0.551748836135347,2022.35998606985,2022.45177650989,280800
530,531,0.01628361900785,49.3009850088962,6.10331328969527,49.8584955482321,4.89635577422651,0.568032455143197,0.551748836135347,2022.35998606985,2022.37626968886,280800
531,254,0.04016866730898,49.8584955482321,4.89635577422651,51.4517197034959,3.83526799798383,0.608201122452177,0.568032455143197,2022.37626968886,2022.41643835616,280800
531,255,0.1251001741582,49.8584955482321,4.89635577422651,51.0391095671615,4.2420548599892,0.693132629301397,0.568032455143197,2022.37626968886,2022.50136986301,280800
532,256,0.329045407918,47.0539885636401,7.01359395996361,45.5190780558984,4.54715006428513,0.972584684095957,0.643539276177957,2022.45177650989,2022.78082191781,280800
532,257,0.329045407918,47.0539885636401,7.01359395996361,45.5190780558984,4.54715006428513,0.972584684095957,0.643539276177957,2022.45177650989,2022.78082191781,280800
533,261,0.03127388227504,52.1050417293399,-3.44081016151653,52.3299411115892,-3.76558183366802,0.98080386217793,0.94952997990289,2022.75776721362,2022.78904109589,280800
533,260,0.03127388227504,52.1050417293399,-3.44081016151653,54.0438440515314,-2.78687513666638,0.98080386217793,0.94952997990289,2022.75776721362,2022.78904109589,280800
534,535,0.3379345993172,48.7138496124336,-10.9234946193292,44.2775707780408,-13.3630569473908,1.0786459029422,0.740711303625,2022.54894853734,2022.88688313665,280800
534,272,0.1003665311556,48.7138496124336,-10.9234946193292,54.0438440515314,-2.78687513666638,0.8410778347806,0.740711303625,2022.54894853734,2022.64931506849,280800
535,262,0.08297987704402,44.2775707780408,-13.3630569473908,54.2274459818122,-4.5394736212416,1.16162577998622,1.0786459029422,2022.88688313665,2022.9698630137,280800
535,536,0.2531639214248,44.2775707780408,-13.3630569473908,23.767828419556,-13.7522424705131,1.331809824367,1.0786459029422,2022.88688313665,2023.14004705808,280800
536,537,0.04184173602717,23.767828419556,-13.7522424705131,23.9379239431056,-11.7795858586194,1.37365156039417,1.331809824367,2023.14004705808,2023.18188879411,280800
536,263,0.09282965424942,23.767828419556,-13.7522424705131,13.4527938239197,-15.3731969085987,1.42463947861642,1.331809824367,2023.14004705808,2023.23287671233,280800
537,538,0.08260686468905,23.9379239431056,-11.7795858586194,36.9666607426526,-6.30595060871904,1.45625842508322,1.37365156039417,2023.18188879411,2023.2644956588,280800
537,543,0.04952947729153,23.9379239431056,-11.7795858586194,13.833646010198,-16.0670151381299,1.4231810376857,1.37365156039417,2023.18188879411,2023.2314182714,280800
538,539,0.04513826980993,36.9666607426526,-6.30595060871904,37.4802096242273,-3.30689210378823,1.50139669489315,1.45625842508322,2023.2644956588,2023.30963392861,280800
538,264,0.03413447819068,36.9666607426526,-6.30595060871904,40.1894641959532,-3.70568864248137,1.4903929032739,1.45625842508322,2023.2644956588,2023.29863013699,280800
539,540,0.0959097687467,37.4802096242273,-3.30689210378823,44.407385469865,6.15826099541113,1.59730646363985,1.50139669489315,2023.30963392861,2023.40554369735,280800
539,541,0.05912315737576,37.4802096242273,-3.30689210378823,43.8164276608662,6.01109175848042,1.56051985226891,1.50139669489315,2023.30963392861,2023.36875708598,280800
540,266,0.08212753552444,44.407385469865,6.15826099541113,44.5384682233432,11.0245992898255,1.67943399916429,1.59730646363985,2023.40554369735,2023.48767123288,280800
540,265,0.03555219305868,44.407385469865,6.15826099541113,45.6595758067318,11.8428083995249,1.63285865669853,1.59730646363985,2023.40554369735,2023.44109589041,280800
541,269,0.05864017429261,43.8164276608662,6.01109175848042,44.5384682233432,11.0245992898255,1.61916002656152,1.56051985226891,2023.36875708598,2023.42739726027,280800
541,542,0.03402569032749,43.8164276608662,6.01109175848042,40.2392310054675,-3.22586129885036,1.5945455425964,1.56051985226891,2023.36875708598,2023.40278277631,280800
542,267,0.008176127800741,40.2392310054675,-3.22586129885036,40.1894641959532,-3.70568864248137,1.60272167039714,1.5945455425964,2023.40278277631,2023.41095890411,280800
542,268,0.01639530588304,40.2392310054675,-3.22586129885036,40.1894641959532,-3.70568864248137,1.61094084847944,1.5945455425964,2023.40278277631,2023.41917808219,280800
543,270,0.1850200847664,13.833646010198,-16.0670151381299,40.1894641959532,-3.70568864248137,1.6082011224521,1.4231810376857,2023.2314182714,2023.41643835616,280800
543,271,0.00145844093072,13.833646010198,-16.0670151381299,13.4527938239197,-15.3731969085987,1.42463947861642,1.4231810376857,2023.2314182714,2023.23287671233,280800
